Previous Exam Score,Attendance Percentage,Study Hours per Week,Age,Gender,Parental Education Level,Stress Level,Pass or Fail
81.38816499879749,85.64800039294029,5.520619480802069,23,Male,Doctorate,3.8332455302851147,Pass
78.75829441562969,50.574623664905765,3.2415444186022713,22,Female,Associate Degree,5.369478762543972,Pass
93.1678900551714,70.4388630614566,33.18891465286497,24,Female,High School,5.301995905488803,Pass
84.1779059052039,96.20134352128665,39.07177491310345,21,Female,Master's Degree,5.242298359670591,Pass
80.29849009227344,55.594030827456194,16.18900255318635,24,Male,Bachelor's Degree,2.5820543424734366,Pass
36.801589779597535,75.82121941093055,3.505993447786131,22,Non-binary,High School,2.304392743985505,Fail
87.95342427703623,89.32611911954235,2.6324704276230593,19,Non-binary,High School,3.2929082769575806,Pass
71.24620771423076,97.12656537600583,35.65272825441195,18,Non-binary,Associate Degree,9.230735384218505,Pass
74.68737520385707,87.3388319766859,18.552569989107198,21,Male,Master's Degree,2.017476710510591,Pass
74.78999784540079,86.0282774322203,12.801092662495677,21,Female,Bachelor's Degree,7.816825930359923,Pass
81.60749115463419,91.32440450978812,19.05845084957598,19,Female,Master's Degree,7.8179355382003415,Pass
86.83262543202528,72.31006104887719,12.732163787693892,22,Male,Associate Degree,8.287933635075362,Pass
79.51361714588833,90.29222663089166,19.5614310123048,18,Male,Doctorate,8.9795394009042,Pass
77.12928383979838,50.398220237272554,34.38225587671747,21,Non-binary,High School,3.3673255978503724,Pass
73.47269108943357,96.22805276884024,23.692054842483827,18,Non-binary,Bachelor's Degree,3.0210352234200673,Pass
19.725842246429828,72.16532547585877,27.786150912407017,21,Male,Doctorate,5.189550998747317,Fail
65.68613470824718,77.66900939328738,14.586827049373463,22,Non-binary,Associate Degree,3.385802518768325,Pass
55.876157239740316,62.744112445744115,29.540235140420748,23,Female,Master's Degree,7.608789900847968,Pass
88.16109308408627,87.12654164202107,26.664683395174894,21,Male,High School,6.723456190672903,Pass
79.2855579742944,53.83179032376244,4.782479910082258,23,Male,Bachelor's Degree,8.874889192473862,Pass
63.127945191793984,93.63179012734176,22.905714124623383,21,Female,Doctorate,1.744644731383644,Pass
64.63424226596133,91.40584145031714,10.26973985239032,20,Female,Doctorate,9.235750000222673,Pass
64.09027955046368,60.80300581223832,32.163826785343716,22,Female,High School,3.640137640030806,Pass
63.822607685216205,90.46621991426312,17.03750833867758,19,Non-binary,Master's Degree,5.4162491133428565,Pass
48.33163834712804,89.31788665307408,39.78736660785949,23,Male,Associate Degree,4.947502923456794,Fail
45.08080760083348,81.61082988769745,3.7000175175585515,19,Non-binary,Master's Degree,7.842804859939815,Fail
70.43570158572616,68.67600884498438,31.21391450960634,22,Female,Master's Degree,4.782999784886583,Pass
86.12971209039031,63.57493770909339,26.948069341686256,24,Non-binary,Master's Degree,9.491978310844685,Pass
61.93465453858206,61.5891795144675,30.699953223628217,19,Female,High School,9.122804943747179,Pass
74.55167126386068,65.93044813818035,12.301191819618253,22,Non-binary,High School,8.84945036772556,Pass
81.01391375765088,95.17792217162652,19.682179575296026,19,Non-binary,Associate Degree,1.641324993834051,Pass
55.09932691624215,53.882038799439066,31.860340788948335,23,Female,Master's Degree,8.688322553985454,Pass
69.70036856920146,91.44356381264794,9.3016532648342,20,Non-binary,High School,8.034719008988894,Pass
60.002192780897275,67.44450375209118,9.041327871546084,19,Male,Associate Degree,1.9316165230551792,Pass
94.0917923774694,76.07996980056791,22.042038131797295,23,Non-binary,Associate Degree,1.9667289289259968,Pass
93.43689260293172,89.72428168242453,20.94254318119423,21,Non-binary,Master's Degree,1.9104743036578706,Pass
55.114857401877245,94.21882735114856,11.290498816517314,22,Male,Bachelor's Degree,1.101993338840388,Pass
75.78826574626488,67.23907100363235,11.92302602099291,18,Female,Master's Degree,5.937708746751252,Pass
86.01398951218735,73.09217406375552,11.11380652826262,24,Male,Bachelor's Degree,9.76054862292439,Pass
82.72494250564495,70.72580324083961,30.860482479939506,18,Non-binary,Associate Degree,4.948162326098142,Pass
71.22344552476548,50.66255167519553,26.076034622498426,22,Female,High School,5.866817516986208,Pass
89.59836192646522,64.79714444293283,33.29668733641011,20,Non-binary,Doctorate,9.7117281709296,Pass
56.43227966515851,72.95946168662809,39.01892113256088,19,Non-binary,Associate Degree,3.296640058968076,Pass
65.45360583407961,70.55468044402198,18.966571850879458,20,Male,High School,8.726232273384365,Pass
56.835363703606376,86.09646137578397,2.667755256217954,18,Male,Associate Degree,5.9175142049056255,Pass
81.73740242050933,69.24018086105517,1.9236924164814173,24,Female,Master's Degree,6.125288631967097,Pass
61.26044688550823,74.46882244853352,11.826601570864765,23,Female,Bachelor's Degree,4.0885647148655515,Pass
67.43126236844371,71.48042960661817,37.30178357409804,24,Female,Associate Degree,6.054259248702173,Pass
79.26505552398623,87.03130744471852,20.928522198834997,22,Non-binary,High School,1.6582825853045553,Pass
80.47374870666724,93.14861994934813,10.871460643205166,22,Male,Master's Degree,7.88179215352701,Pass
56.39310480617124,76.59445395037571,15.966671780440782,20,Male,Doctorate,3.562189853898445,Pass
85.84982925659189,89.47160970975956,23.943804296186833,23,Male,Master's Degree,8.988474965445594,Pass
76.83534503000877,64.83933410099253,26.11798632551369,20,Female,Bachelor's Degree,4.310656251467126,Pass
53.774457406293976,77.06848050786343,6.156780391316201,19,Male,Master's Degree,2.2854169943819436,Pass
50.084261563650806,67.26149768349862,39.08126706180704,21,Male,Doctorate,7.262934169316365,Pass
69.76270434606899,70.71004627859152,21.790889079311555,23,Male,High School,2.481203302421526,Pass
82.75140983975213,86.62069324063343,5.427532711691172,21,Female,Associate Degree,7.783124639886914,Pass
83.1357379360147,94.08312411663564,35.74541013384535,24,Male,Bachelor's Degree,9.71301012765505,Pass
75.34250315837264,56.07476955438827,2.985537243177152,19,Female,Doctorate,8.015975819157356,Pass
70.73012257490238,81.73196282436902,36.309417327100505,21,Male,Bachelor's Degree,1.2020432358819222,Pass
77.67606503618508,79.10719037888992,39.8626262515593,18,Male,Master's Degree,6.398972092474972,Pass
57.17004228416113,55.92075195879659,28.017271966260154,24,Male,Bachelor's Degree,7.258696038727519,Pass
95.30481794538088,60.594716522005456,30.81788884295959,21,Female,Doctorate,8.429124932166566,Pass
95.10907627183781,65.55012473663402,13.492113458699455,19,Female,Associate Degree,1.5040207804510013,Pass
76.43218471931047,58.34655354087507,37.66307410935735,21,Male,Associate Degree,5.320970451570577,Pass
72.95950629989278,62.18647412621709,21.188558644334705,22,Non-binary,Bachelor's Degree,5.818337853745549,Pass
63.82868541010944,63.38003994308538,29.295537863902194,20,Female,High School,2.522123763797602,Pass
77.93123268699492,66.78369165195298,36.96430863645118,18,Female,Bachelor's Degree,3.9020482873958464,Pass
59.63023943474835,87.46952264005796,39.007199039020335,22,Male,Master's Degree,4.961995536305487,Pass
36.64581953506704,78.59561019253003,33.32817426386698,22,Non-binary,Associate Degree,8.498887191620213,Fail
29.288390492633702,99.31233359757007,12.1207002792812,19,Male,Associate Degree,9.364668094631861,Fail
58.0075250025477,70.73679134837354,38.6619006620833,20,Female,Associate Degree,6.655805460259056,Pass
72.34567184377417,87.69325369184625,25.12478124974287,20,Female,High School,4.554506674193159,Pass
74.97957600930224,93.57342106882669,37.22569905407839,23,Male,High School,3.2862791601908734,Pass
62.698644872360724,83.9489246519021,27.044201032574072,24,Male,Doctorate,9.839216659925354,Pass
72.12752750714355,70.5932370208748,12.28955847390882,18,Non-binary,Bachelor's Degree,9.847179982687226,Pass
65.88657464418203,87.67973153728764,14.800980965712638,24,Non-binary,Bachelor's Degree,9.324792534115312,Pass
55.01030863524794,60.18335688863424,22.01887108411762,19,Female,Master's Degree,8.071022348900373,Pass
69.19383236546312,66.37760825900662,31.60059366239528,18,Non-binary,Associate Degree,3.932015893710564,Pass
82.19435668548473,77.33426275496444,12.719302053613397,23,Non-binary,High School,8.353004351478676,Pass
55.68907378380517,78.77046936430742,23.18924664536768,21,Female,Master's Degree,4.679137155440554,Pass
55.69593080470453,51.10707377363147,13.824999743056061,22,Female,Master's Degree,3.9409578833954066,Pass
53.96124109071763,97.25570943780043,32.63077618540429,18,Female,High School,7.703788226196516,Pass
40.95221898237826,84.8313635608695,18.66912375071802,24,Female,Bachelor's Degree,1.716885348583806,Fail
62.796964387794716,74.78518751159456,3.068913074115409,22,Male,Associate Degree,1.4370645096609551,Pass
80.71129169428797,96.65636172041542,6.642100859261455,19,Female,Bachelor's Degree,5.031583274630671,Pass
72.60874125750644,71.95477826254142,2.4441867047852917,24,Female,Master's Degree,5.010749207399457,Pass
67.4612367391554,99.0217785135186,19.97211784057301,21,Female,Associate Degree,9.060797377574515,Pass
71.93597197360253,75.61423786217426,4.253491893929087,19,Non-binary,Doctorate,2.135377866590351,Pass
62.665277688562625,55.71428849989897,4.565598772385284,21,Female,Master's Degree,2.109555347071715,Pass
40.78170044104792,88.24004862296385,37.641930401535085,21,Male,Bachelor's Degree,2.3270734042741106,Fail
81.75578172721849,83.94488625389202,34.90620288704222,22,Male,Bachelor's Degree,1.2676263516514235,Pass
86.06686860676976,88.64933606527933,18.08346387245464,19,Female,Bachelor's Degree,1.6455856403341755,Pass
59.0776483589832,97.57210143628404,39.43221283400823,19,Male,High School,6.9388288014613515,Pass
67.73746569090166,88.8244651325509,0.007461126826524556,18,Non-binary,Master's Degree,4.884258962057583,Pass
66.44501243409759,80.56683011083234,24.55917825093575,24,Female,Associate Degree,7.872427603792122,Pass
75.26933214136812,92.86544511804205,24.657127094874802,19,Male,Bachelor's Degree,9.933379467234943,Pass
95.34840184939435,83.66232196772657,18.29772223479553,18,Male,Bachelor's Degree,6.931312129891012,Pass
87.39686867933958,70.40595284129616,15.877918917371714,20,Female,High School,1.4541001355811136,Pass
64.34628661879157,94.28098821208866,18.215325419224303,20,Male,Associate Degree,1.9410657827890736,Pass
78.13695792250356,61.095023039218646,16.59841744318722,20,Female,Master's Degree,8.92903676333237,Pass
88.81535302859069,85.73206374543621,29.219699099291976,23,Male,Doctorate,5.747463501024354,Pass
76.12517746592167,94.07817274703785,5.4142173989313624,19,Non-binary,High School,8.42353443456166,Pass
69.92950893339741,86.56582598516482,7.905568823645206,23,Male,Master's Degree,8.709511026024334,Pass
76.69000142000779,84.86377095269285,7.220729135696944,24,Male,Doctorate,9.349070873495673,Pass
59.4509271615479,87.6319147035918,10.498823404850581,19,Female,Bachelor's Degree,9.548462849377291,Pass
61.640783138438785,73.25276241503222,21.01033675126333,18,Male,Bachelor's Degree,5.993432168529756,Pass
54.03948647198354,93.7085341078513,4.448349893528749,23,Female,Associate Degree,4.069181550304305,Pass
74.60596774855365,60.17182375680456,34.72677181306017,23,Non-binary,Doctorate,9.656783869131987,Pass
68.02895640966642,56.369320800016965,11.894461252338893,24,Female,Bachelor's Degree,5.926657654011027,Pass
57.653229079778804,64.27543900592558,6.501519498748314,23,Female,Bachelor's Degree,1.5782745065914994,Pass
67.53730882569242,76.57886983874965,27.024852383929733,21,Male,Associate Degree,6.784988950538785,Pass
77.04997391144755,75.5280897704669,1.5234520239727711,18,Non-binary,Master's Degree,6.289162753555097,Pass
98.72068458996988,91.02993788382933,24.79874259496657,20,Female,Bachelor's Degree,9.062135856052354,Pass
85.18101797055787,70.22843282020087,27.927937227059992,18,Male,High School,6.878684702420312,Pass
35.737782137764896,74.21722131457543,8.596661255468767,21,Male,High School,4.141471820153963,Fail
73.58962700230518,50.66838416296978,1.6785629377453715,24,Female,Master's Degree,9.696031531352384,Pass
91.43986394069282,70.48696182214695,14.545814356777985,24,Male,Doctorate,8.214575373838302,Pass
49.93189763184651,82.38871164751711,3.943769209677459,19,Female,Associate Degree,6.673758565432189,Fail
78.27338905318635,50.77541653132961,4.659113986933483,18,Female,High School,3.6363268306281062,Pass
66.45036721703431,64.0440982593122,10.170449257794584,24,Female,High School,4.36186266682866,Pass
87.25435796374242,60.397817964469496,11.818716985070372,23,Non-binary,Master's Degree,7.02972931686991,Pass
76.06385792520179,52.09927144547941,21.198813640856823,24,Female,Doctorate,1.6478273661698954,Pass
56.73976818161191,73.96300449572688,27.135675420120524,24,Male,Doctorate,3.310125324852371,Pass
66.9872278256407,59.08616466140782,23.71083763480739,24,Non-binary,Master's Degree,7.425108400569382,Pass
67.87456485928566,87.154076981569,5.934413491580672,24,Male,High School,5.320166588601588,Pass
68.15232677784925,92.39639418816742,6.8834412981050574,20,Non-binary,Associate Degree,4.621542083329871,Pass
86.78894417162894,77.27925913345739,35.15076999171658,20,Non-binary,High School,2.3631186016037304,Pass
57.360701179146545,99.08536712605708,22.334092602564546,19,Non-binary,Doctorate,4.976641310299593,Pass
85.04576964491775,72.52392857352976,34.79751331590756,24,Non-binary,High School,7.936227736842105,Pass
65.46625486117719,75.66841051124578,14.861860452794975,18,Male,Associate Degree,3.3761156146470372,Pass
73.35266659493747,99.4608876978875,24.576000297252953,21,Female,Bachelor's Degree,1.0485868796530968,Pass
71.0856637942155,61.577421798252445,20.94653664218443,19,Male,High School,7.016544110358845,Pass
69.67291992877249,97.12729698384527,12.764939592818504,18,Female,Master's Degree,9.753639439892973,Pass
69.79595748332017,52.14187775595566,18.796614881343814,24,Male,Bachelor's Degree,6.461439072297246,Pass
91.8603783740653,72.31934451315973,20.09963507307728,22,Non-binary,Master's Degree,2.079296730344171,Pass
82.63674887359217,53.500175606653286,8.030838990267144,24,Non-binary,Master's Degree,3.8865978311020575,Pass
64.55926465630105,86.46173714568215,12.600414895069264,20,Female,Master's Degree,8.80877453248201,Pass
93.74180881183136,80.4204467940009,31.656390020279023,21,Female,High School,3.0931126683114574,Pass
74.1202161098928,85.33171317337982,36.631529578165086,23,Male,Doctorate,6.469263131478472,Pass
75.36436388985841,68.72401999840085,14.391763741811978,21,Female,Bachelor's Degree,4.62404087428598,Pass
57.44021381002913,68.47409670156901,12.278891288360727,23,Male,Associate Degree,2.870593492776841,Pass
62.5375201239229,52.26596394804473,7.807886582875301,21,Female,Doctorate,8.320662042082116,Pass
59.67244738109237,67.49724697648199,27.13964674602325,20,Female,High School,7.685481488191212,Pass
71.29109297490513,96.46442011310297,12.923988066653491,23,Female,Master's Degree,6.954319593633389,Pass
79.58174619172314,68.96132685902245,39.50998156396754,18,Non-binary,Associate Degree,3.127029312418761,Pass
75.5084844913332,91.5683853110985,13.02739208255813,23,Non-binary,Bachelor's Degree,1.8807130244480503,Pass
93.82066234104373,92.1162752374967,15.765441871305125,19,Male,Doctorate,6.185433968433696,Pass
56.683629921831475,68.6620578189617,24.13336784848139,18,Female,Doctorate,5.9831005018549,Pass
71.72303565308323,81.59943401980945,32.0673717276522,19,Male,Associate Degree,2.695465084013857,Pass
50.75591006052558,54.76858011365293,18.780746613825347,24,Female,High School,1.5062202488365524,Pass
56.17193542595107,55.18392903671383,16.906241351558332,21,Non-binary,Bachelor's Degree,1.7263760877458738,Pass
88.96867566007695,52.432883183085664,39.82551334379233,18,Non-binary,Associate Degree,9.934938878614604,Pass
63.05252700292802,79.05075466875547,0.4197456455977777,21,Female,Master's Degree,8.052255052685954,Pass
57.94954305909594,71.30354888130485,35.80261155404983,24,Female,Bachelor's Degree,9.297887283686553,Pass
38.05034686625579,77.401617833212,5.965633037589497,22,Non-binary,Doctorate,2.75549250012727,Fail
57.79968028316624,76.05365952541939,31.437011048356535,21,Non-binary,Associate Degree,9.645116826910916,Pass
66.92079588707531,67.51014955453651,24.717262393851918,24,Male,Doctorate,2.2838891632584586,Pass
49.63895560320684,83.87367074117364,13.673891419923683,21,Non-binary,Doctorate,5.5817364570982395,Fail
66.05824916526296,87.92509404581953,34.954998220840736,24,Female,Doctorate,8.467261159753576,Pass
89.05946590987335,50.73141294388378,0.516289119239679,19,Male,High School,4.148230190604215,Pass
59.39041989507501,60.36211498844391,9.067626082996947,24,Female,Doctorate,4.823456798592105,Pass
55.849254259450966,85.66179340416684,22.67571184998144,23,Male,Master's Degree,2.153665992691881,Pass
53.1414779970236,69.3310086316917,14.06169040198792,22,Female,Master's Degree,2.1062969199907546,Pass
52.873538612263,83.12419734708041,24.415099812733104,21,Non-binary,Bachelor's Degree,6.5761140230079365,Pass
78.03366170332643,67.34813298672792,0.964407736346673,24,Female,Doctorate,7.0797913175805105,Pass
70.73003105324575,69.53775761648185,4.658357219268501,24,Male,Doctorate,7.995992626739739,Pass
84.35285318913361,57.93394368448425,5.0838496087375695,21,Female,Associate Degree,6.010138474135782,Pass
100.0,62.911550983308004,7.571345836640377,22,Male,High School,6.811833630351753,Pass
42.54413302136278,80.27058787537936,18.373257632021712,22,Female,Bachelor's Degree,1.1216554452974805,Fail
75.7011806266266,71.65815556575832,30.08514798174285,24,Non-binary,Doctorate,2.4595365442346924,Pass
53.220709983496604,88.71513414722975,36.221553517156046,18,Non-binary,Associate Degree,9.864232894152142,Pass
81.83348947050176,92.62924774691714,33.414901211369845,19,Female,High School,1.6839415568424863,Pass
65.92131998389846,77.08232091083799,7.875514871027343,22,Female,Bachelor's Degree,7.109094000342204,Pass
70.4098414129626,87.91336460280296,17.646022089225294,22,Female,Bachelor's Degree,2.584743697285446,Pass
50.75233858105288,65.3452256597285,7.9764639103414,20,Male,Doctorate,7.450467271908777,Pass
63.603594623302484,70.7485607700039,10.57887266668763,23,Female,Bachelor's Degree,7.353913626657941,Pass
71.3449337666239,85.63888381084155,20.141879260475445,22,Female,Associate Degree,3.107791538092812,Pass
90.34117220210062,69.31059964085154,2.7243609889409015,19,Male,Bachelor's Degree,3.4267095929728377,Pass
58.08159208887169,79.42524675794944,8.726973183730928,23,Non-binary,Master's Degree,6.892936422418795,Pass
61.73962642704531,59.26863895412558,37.41512645228469,23,Female,Associate Degree,4.510774349021923,Pass
84.16434463273421,79.9885657485249,18.64465170633956,21,Female,High School,2.7509317272992018,Pass
57.10989574451034,93.07568536134468,17.815461039114886,21,Non-binary,High School,7.585116389087336,Pass
87.13577715961189,93.43198199117128,0.582686190051156,21,Non-binary,Doctorate,2.3873277190270077,Pass
69.86370137910616,86.21722031647698,9.895989882333831,21,Male,Doctorate,8.70079297730452,Pass
74.54684442387764,87.2876689538063,34.651697439287254,20,Female,Master's Degree,5.632025716466448,Pass
75.51283453764056,77.89637225753503,6.58513713034675,22,Female,High School,1.9513054349137062,Pass
60.75669169890088,79.23340450829124,16.604997581388844,21,Male,High School,7.24665100177886,Pass
75.84830229208593,56.6825290705259,0.5732362346800501,24,Non-binary,High School,5.6724673561708645,Pass
58.41445323528549,72.19295942106505,19.133419266822234,18,Male,High School,3.682518146153286,Pass
62.4684549385168,72.53881419431819,0.8408442690486861,21,Non-binary,Bachelor's Degree,4.802854422014693,Pass
78.38036449049913,97.92489178338701,32.784382122631996,22,Male,Associate Degree,3.685039692287489,Pass
74.40090933462855,71.55434313116447,32.994150699484145,21,Non-binary,Associate Degree,3.3672325216850565,Pass
68.87552573741428,77.46713224513789,31.509687532094794,20,Male,Master's Degree,2.47247578759341,Pass
51.119025261054844,76.66256996395512,11.334562755644729,19,Non-binary,Bachelor's Degree,4.264904198237283,Pass
54.86262565975555,81.83808585221635,33.48948872887272,19,Non-binary,High School,3.2588848568446367,Pass
74.15063565857477,87.4116415665948,21.719925304210772,22,Non-binary,High School,7.150910383485254,Pass
80.98210845227675,61.252093808543606,14.952324354680098,24,Non-binary,Doctorate,7.154890670469757,Pass
53.35531743218864,76.4362209549218,25.01319838816932,19,Non-binary,Doctorate,5.516562183000746,Pass
57.40262128821749,91.29588536580152,0.49364184241496023,19,Female,Master's Degree,8.001500747232889,Pass
72.01277761266579,73.15573569187558,5.718435104030086,18,Non-binary,High School,8.572057471054434,Pass
71.6918179394364,63.92287731867865,29.69174152681051,22,Female,Master's Degree,6.217898116908458,Pass
45.64064186858438,82.73545376781496,9.766464348646121,24,Non-binary,Bachelor's Degree,6.570416464870903,Fail
72.42344520159983,91.18836978995614,23.920364693149985,22,Female,Associate Degree,3.5459731880772867,Pass
61.02448284654672,53.15701464636957,15.404104112921186,19,Female,High School,9.053822806349679,Pass
94.61569944593437,88.83952417036136,34.19223115197046,19,Male,Bachelor's Degree,1.2178543998027684,Pass
73.73797814103484,91.08239664808856,38.09661223986574,19,Non-binary,High School,4.137422224985611,Pass
76.32210174813855,73.07614637943034,35.34258913480762,23,Male,Doctorate,7.4962037939487045,Pass
76.71038953285917,99.16528284092337,10.824799787743867,20,Male,Master's Degree,1.7208055870404513,Pass
51.79108929021153,89.33541703536545,7.766514761843291,21,Non-binary,Doctorate,2.6485257468546335,Pass
99.15815339662905,88.68312824478329,18.9773957448294,20,Male,Associate Degree,6.3035715507656604,Pass
45.6563312882324,87.39192872060359,0.293366033447211,22,Non-binary,Doctorate,6.039943043172022,Fail
81.93554712549613,57.5304051609137,1.0323757145272694,18,Male,High School,7.650354665178595,Pass
79.27995906220974,60.861544322650545,22.131625584920002,21,Non-binary,Doctorate,8.313513751793547,Pass
62.8449643013056,73.19950657322124,20.817976166611437,18,Non-binary,High School,2.157216206605022,Pass
79.99675475070083,63.20021749797329,39.783279561410396,24,Non-binary,Associate Degree,1.1654289079771785,Pass
65.23640201764393,70.76204861670202,8.073673414550324,23,Female,Doctorate,7.206746676930155,Pass
59.868078327163325,94.42320549614604,10.324157166418736,22,Male,Master's Degree,3.712526161897233,Pass
77.0433875402939,91.21634459396347,4.541625693051468,23,Female,Master's Degree,6.633855225261582,Pass
54.901585133681465,81.50199392399911,36.70172038614979,22,Male,Master's Degree,2.3549012925600223,Pass
66.63617261863645,92.90601971255518,31.11244977833803,18,Male,Doctorate,5.221360419993666,Pass
61.087348769050635,89.18861945086246,32.8935644582739,18,Male,Doctorate,5.539822714570932,Pass
64.96030735640582,71.44924659204452,36.11055151858035,18,Female,Doctorate,6.265700347358945,Pass
76.49092898695277,60.053257602497254,20.99599946903353,22,Male,High School,5.618530146975079,Pass
61.08450441480691,75.71005200046696,18.047727658028947,19,Female,Associate Degree,5.461216932058425,Pass
67.11514130391453,86.8114441264275,13.21565894662466,18,Non-binary,Master's Degree,3.9946073858546995,Pass
62.45282122147628,71.82097993647966,23.56858457391422,23,Male,High School,1.640622126862776,Pass
91.65994998361819,83.33859548919486,18.171135871592902,24,Male,Master's Degree,1.8056817711715807,Pass
75.13918597320836,54.716371314552184,18.062623464223005,21,Non-binary,High School,4.9040044696643825,Pass
73.30104449450079,87.40023681857016,37.477114549245556,22,Non-binary,Doctorate,4.2021381503889375,Pass
80.25127756935136,90.6356809946531,39.361260571165204,23,Male,Master's Degree,5.64521324207048,Pass
61.0879813483767,85.34189278902706,31.85937557318323,20,Non-binary,Doctorate,3.7435435233064025,Pass
82.88885837499761,98.36317937631827,30.27032360987713,24,Female,Master's Degree,7.191190823097919,Pass
75.19266618749113,91.33260287303202,27.22232647116406,20,Female,Bachelor's Degree,8.775593398085595,Pass
46.586636458689014,95.15468639382692,6.6429940933405485,21,Male,High School,3.6897686990818093,Fail
48.579537503488524,96.6785541728824,2.364232835026181,19,Female,Bachelor's Degree,2.7368560714512573,Fail
61.41554420823901,90.06739959369042,27.629052604530525,18,Female,High School,2.045625168286802,Pass
50.184902562022444,83.71294210032495,29.15144889026304,22,Male,Associate Degree,6.546286365137312,Pass
66.42582308950625,50.285929068039465,1.8789196439255917,23,Non-binary,Master's Degree,4.994703920265124,Pass
54.79393012876204,73.29128766115623,37.12207000915392,18,Male,Associate Degree,2.6921414547666007,Pass
68.53415420393623,78.55811493111806,3.6456255777871016,23,Female,Associate Degree,6.878230599626699,Pass
91.17564063897184,65.20151362239999,11.436021350848096,22,Male,High School,2.3363486470475596,Pass
69.25934644665722,65.9052223451736,26.89559251194818,20,Male,Bachelor's Degree,5.9887063526315725,Pass
65.45553317647106,98.05797078550826,6.794903776179053,18,Female,Doctorate,5.7443354346273825,Pass
75.82363971678016,94.58554326013729,2.2166355376897773,21,Female,High School,7.60805021067475,Pass
59.553703106160945,92.45895027508521,13.245859566565992,19,Male,Doctorate,1.4959867594660008,Pass
82.65121464094,70.30059008530553,30.638862994207162,21,Female,Associate Degree,8.990856386661973,Pass
77.42819429686168,50.684927520445726,16.547147159410414,19,Female,Doctorate,7.326925535321376,Pass
70.58298343072846,54.011112322785706,26.118916876317574,24,Female,Bachelor's Degree,2.94513398513886,Pass
72.3147374745038,65.60981841088018,23.184763889125467,23,Female,High School,2.650648137487657,Pass
100.0,50.78714564978385,0.8887392810232164,18,Female,Bachelor's Degree,4.884941927294051,Pass
84.13468315401802,50.8574890957599,39.541599481828264,18,Female,Bachelor's Degree,8.358087965901372,Pass
100.0,95.83016508212054,1.6571235527755102,24,Non-binary,High School,8.586549938251963,Pass
77.98045289938679,85.3079251059527,38.7121095059394,19,Male,Bachelor's Degree,5.684104829254448,Pass
47.924628359939675,65.44779950340764,21.994567134575927,20,Female,Master's Degree,8.747297764180637,Fail
66.06739445704238,56.632228880047656,38.52636108260266,22,Male,Master's Degree,1.0489933827252151,Pass
44.496926881779004,75.58178589475386,4.590143976553418,21,Non-binary,Master's Degree,1.3165716837843695,Fail
77.92454552000378,50.26730804271822,19.616340767420528,24,Female,Doctorate,9.206394342730684,Pass
81.18106296018102,96.9206871929072,6.7801636746423455,23,Male,Bachelor's Degree,7.977987368973245,Pass
56.71126006061081,70.74075596944736,2.0389950808976964,24,Female,High School,5.0563545242534715,Pass
60.1654543052972,70.11674776186663,24.70116460249246,21,Female,High School,7.782491183301884,Pass
72.23126344352823,69.52968037908911,8.311336838467657,21,Female,Doctorate,9.600755155510795,Pass
52.02843905103673,53.46641651938824,23.50788073150184,23,Female,High School,7.948805714931566,Pass
50.902603461362006,81.91611198959133,4.494579277959425,23,Female,Master's Degree,8.581342004364899,Pass
88.57948072061681,86.65018098141766,13.27945885730811,18,Female,Bachelor's Degree,7.845459232510556,Pass
71.72065927245953,83.80626987941451,31.265302322129887,21,Female,High School,2.5138998319018744,Pass
61.62835963441066,56.921774666469716,17.482060873687505,22,Non-binary,High School,8.50216698681163,Pass
44.61821667164171,78.94200840177963,25.109816595893456,22,Non-binary,Associate Degree,2.7559793802178905,Fail
82.78527035341708,78.4742242086127,25.89831762982184,19,Female,Associate Degree,9.033501952397323,Pass
59.73222681674547,93.42053939706909,33.750201759491745,24,Female,Associate Degree,5.127849082729683,Pass
97.91026668805807,68.95638291878235,12.996911776265652,23,Non-binary,Bachelor's Degree,7.092790770799256,Pass
82.88965146540167,68.57429718297172,27.491822503300703,18,Non-binary,Master's Degree,5.4751676309257915,Pass
57.877872183890965,80.92635293590928,38.464632281846626,22,Non-binary,Master's Degree,1.8459183647494184,Pass
59.267924543027924,81.65363267497565,29.209733374314723,20,Female,Master's Degree,3.616500768585986,Pass
95.82776744416498,73.46426136628952,19.594819068709782,18,Male,Bachelor's Degree,9.853586685973054,Pass
68.73610829748243,72.15296811652105,25.22869777967717,18,Male,Bachelor's Degree,9.646432765028356,Pass
62.30033157514946,74.70738353189414,29.587315910524325,22,Male,Associate Degree,3.8843820788999253,Pass
70.41582532714855,93.0522649751656,24.491030627754895,20,Male,High School,9.966671238207033,Pass
62.23131024919315,73.05834506269551,0.6670325395935661,19,Female,Doctorate,8.609960759472097,Pass
73.61572715662247,96.99658959849111,7.790939907489034,22,Male,Doctorate,6.4986354948902925,Pass
68.86264567722606,75.20018817981631,32.41872868861864,20,Non-binary,High School,1.3611215823490854,Pass
83.13261970767263,97.46003465904457,10.906025892499386,18,Non-binary,Associate Degree,9.113021465845415,Pass
64.17138845141311,91.64159509345379,29.262484782445355,20,Male,High School,6.016863513378878,Pass
56.7277544996553,68.12156613079145,14.884808609667948,18,Non-binary,High School,8.816285360824926,Pass
64.76522955064621,93.18207106483081,20.875373126317726,24,Female,Doctorate,8.50986207915168,Pass
64.6737415266393,55.50316421005576,2.718931992776148,22,Male,Associate Degree,8.497055936809776,Pass
68.8369927720901,96.25235876715072,7.249022441988382,23,Male,Bachelor's Degree,7.283564746434146,Pass
79.51810432085837,81.58217575414459,38.287878540769384,22,Female,Doctorate,3.6227362480844376,Pass
78.69863451207881,52.71953742611556,35.60552213787656,24,Non-binary,Bachelor's Degree,4.025442319700678,Pass
87.99488013787852,82.21283618254057,26.09100443596201,21,Female,Associate Degree,3.776222913244177,Pass
57.82765483399714,98.71238270723781,18.385783895429494,21,Female,High School,1.1804139957930824,Pass
75.83080184576663,53.49003273073144,27.03045171580895,21,Non-binary,Master's Degree,6.243120182933301,Pass
80.90979770531072,77.73438548900431,24.74441156375756,22,Female,Master's Degree,7.289503034014295,Pass
59.88669390532204,87.38971748796862,22.742090224184484,19,Non-binary,Associate Degree,8.68479394172683,Pass
66.88553420526432,90.51292933497658,2.3670828745416728,22,Non-binary,Master's Degree,2.261488900444573,Pass
43.750331886718044,70.69137326603979,25.312104426460277,24,Female,Bachelor's Degree,5.897648340791216,Fail
83.60286542688603,60.20832795841215,30.756801782846736,24,Non-binary,Master's Degree,1.0720732660640457,Pass
66.76752696520197,52.11711393861919,39.76326618582302,23,Female,Associate Degree,1.8558428293965652,Pass
82.098462650215,78.98630785486124,0.44314210377238705,20,Non-binary,Associate Degree,1.4879056978539376,Pass
73.0907427681927,72.64555351338055,29.206938132427066,22,Male,Bachelor's Degree,7.529302306139383,Pass
67.2225215653769,97.43721975748555,22.87157263743922,22,Non-binary,Master's Degree,1.7295360748984283,Pass
46.10795800971272,53.03024538574549,17.36208704323827,18,Non-binary,Master's Degree,7.44807683402911,Fail
48.7757108392534,84.26976717230028,5.102806982854835,24,Female,High School,3.2466223396952505,Fail
31.102807234873865,51.24831110600286,16.363405945395048,18,Non-binary,Doctorate,8.899416646272456,Fail
61.56079775757016,58.57170883552713,14.175087319445412,18,Male,Associate Degree,8.318349895274327,Pass
100.0,72.67894999614171,12.113195559149688,22,Male,High School,9.62047195727749,Pass
50.68078915723001,72.74362214014342,29.23518493288831,19,Non-binary,Associate Degree,8.953858139122287,Pass
30.528521748701408,84.2850271466822,28.029020851370554,20,Non-binary,High School,9.399964772047126,Fail
84.44003379378297,95.51065174338783,23.56080363923646,20,Male,Doctorate,8.72868156861977,Pass
100.0,81.95160794574605,37.54659253173489,24,Female,High School,7.240437105533698,Pass
74.46881597889704,97.67675489257545,13.994175367234178,23,Male,Associate Degree,2.5323323691289237,Pass
74.3309859207994,94.08078199389988,9.752077508407183,24,Male,Master's Degree,3.4453676696868367,Pass
65.35176889534372,79.22498977653952,26.236132523935982,19,Non-binary,Associate Degree,2.914542695172458,Pass
43.0861415423491,91.68959754594137,7.952562437496118,19,Non-binary,Bachelor's Degree,6.432272088923851,Fail
48.23932123384785,82.12888051618171,12.600420287336984,20,Male,Bachelor's Degree,5.532579441762413,Fail
65.24870005902223,53.92789154618636,8.984097602995394,21,Female,Bachelor's Degree,8.803719974425814,Pass
62.373169899553844,87.0282361629755,2.766142708740049,18,Male,Bachelor's Degree,9.574055798491681,Pass
68.27240608345087,54.745422063367315,33.099949665426934,18,Male,Doctorate,4.643739006563299,Pass
82.43987235892239,79.70413902848563,10.181621716866447,20,Female,Master's Degree,5.557154979527311,Pass
61.27243252124469,85.13201029291145,18.921100133720827,24,Male,Master's Degree,9.743647211237253,Pass
82.74575134606917,53.32638041054276,1.732610930172478,19,Male,Associate Degree,3.486150474608292,Pass
61.37065435145845,61.53973269632659,27.973578650105722,24,Non-binary,High School,8.131516978229323,Pass
85.57359389298635,95.78361161308248,13.222440092251633,23,Female,Associate Degree,3.0271591210172164,Pass
71.29551350610136,80.81572461164481,29.789469113168398,21,Non-binary,Associate Degree,7.133141038827448,Pass
63.46254488617732,62.31430094052658,16.496122418714645,20,Non-binary,Associate Degree,3.2825406487470774,Pass
71.03941090823335,84.53398855740033,7.830224256224985,18,Female,Associate Degree,8.953600499482482,Pass
65.5969173676365,79.83882099808449,20.527003291281435,22,Female,Master's Degree,6.053301493630091,Pass
71.69701356519957,75.07878499589742,5.2201823854975915,24,Male,High School,2.673402767869461,Pass
81.37159297776208,98.8093487494042,17.62156639491979,19,Non-binary,Associate Degree,3.0193225812863744,Pass
68.69176602376525,84.17268887037545,12.69221909681946,22,Female,Master's Degree,5.4446427613729025,Pass
64.45646720719328,68.77205548339563,36.47838336798533,23,Non-binary,Associate Degree,9.65441823017391,Pass
53.14725692633756,90.0036716038434,2.437148868828798,20,Non-binary,Bachelor's Degree,7.92677947495289,Pass
78.68767028937572,94.22916464605939,27.760696564229683,24,Female,Associate Degree,5.394786785432606,Pass
75.22408339604087,56.26102797584157,7.310046639497436,18,Male,Associate Degree,4.039472301059954,Pass
52.27085723608718,60.02764889226332,12.761802973289594,24,Non-binary,Doctorate,5.943416440135984,Pass
82.53241416881141,60.811350456388986,16.620562522482636,21,Female,Bachelor's Degree,7.735247500857577,Pass
52.02723951096496,84.56059046932702,36.32060357499897,22,Male,High School,8.0553572960752,Pass
85.4383268685084,80.15197775266417,9.703130642953006,21,Non-binary,Associate Degree,3.9214791828725017,Pass
80.31794990780527,80.9495782349294,3.652352101786809,23,Female,High School,7.490433413924895,Pass
76.29498283897104,97.03866498447505,12.747584159620944,18,Non-binary,Bachelor's Degree,6.920099020325675,Pass
64.34507261249446,88.7955766403653,4.187038821421334,22,Female,Associate Degree,9.632010627966645,Pass
78.6366967399968,56.39684622558916,5.1438594384221,23,Female,Doctorate,9.379812614572133,Pass
86.1455799286177,67.37535412125905,22.954023919001067,21,Non-binary,Master's Degree,8.104413930432194,Pass
78.8852788166226,71.76968230878678,2.436077323979733,21,Non-binary,Doctorate,7.510552199694356,Pass
59.94624967410644,69.79807943738024,1.2372352557426414,22,Female,Doctorate,3.4663743073384827,Pass
74.01110473533195,83.46543045809396,28.576564058819912,18,Male,Master's Degree,8.613687304886799,Pass
86.98052479442555,94.59465516282813,14.46588379364178,21,Non-binary,Master's Degree,4.847551333420295,Pass
100.0,65.3025731761394,5.015013969354931,20,Female,Master's Degree,3.450164882554402,Pass
66.92180538251206,77.59385682105929,10.14451083438833,23,Female,Associate Degree,4.457446821581162,Pass
82.86824659197146,89.47047109567927,25.683460294095962,22,Male,High School,8.523419410148572,Pass
87.01720780126479,70.81090294226746,11.021462685634047,19,Male,High School,2.337698940200965,Pass
57.81392501515354,58.40590641996479,19.780845004816317,19,Male,Master's Degree,5.105428670078402,Pass
96.73117477092222,73.74754826318741,4.867812269066891,18,Non-binary,Doctorate,5.431218350765407,Pass
54.022229738748315,52.76112603715142,23.523745504217878,20,Female,Bachelor's Degree,1.3296672783893746,Pass
82.13478272549465,97.11917270011384,12.643107353730564,21,Female,Master's Degree,2.761714265933488,Pass
74.57979669320599,53.74106025974865,25.078737381148663,19,Female,Doctorate,8.440681857182708,Pass
70.8336333999724,71.9228357625289,32.33579529216092,18,Male,Doctorate,8.476906497352847,Pass
100.0,76.4940630544263,24.465856775599697,23,Female,Associate Degree,3.631735754958232,Pass
65.48117147009798,99.26519161436428,11.829902503800827,20,Non-binary,Associate Degree,8.874075111381336,Pass
65.23981610907087,58.30109118214304,10.229748061932016,20,Male,High School,7.94604645161513,Pass
89.97218211096693,55.72157593061793,13.09683834933792,24,Male,High School,4.761167354158685,Pass
81.42705667130176,50.43530735312718,6.584820529460194,18,Male,Bachelor's Degree,7.735657099645341,Pass
89.23148381437832,57.778571843465116,7.246874034000803,18,Male,Bachelor's Degree,9.652011680753256,Pass
71.7530407351167,60.36364895338338,31.627644076006717,24,Non-binary,Bachelor's Degree,5.13072746258814,Pass
74.75413925518244,81.52904707915462,15.389303060297799,21,Female,Bachelor's Degree,3.145844610581353,Pass
98.51403419491862,60.98533951957002,17.439807222823433,18,Non-binary,Doctorate,9.476348500451403,Pass
57.460688806289554,51.02604073646626,23.761978622672444,24,Female,Doctorate,6.433698597069308,Pass
68.45684433862509,91.33091727512443,23.586139806061905,21,Non-binary,High School,1.9473864623238275,Pass
81.97381107138168,68.27978505019834,2.695074860877029,21,Male,Associate Degree,6.154145342710205,Pass
67.06208769868243,67.6848343290367,33.261631453506624,22,Male,Associate Degree,5.505228005034688,Pass
61.447811810754466,65.12395145839633,7.093062128957577,20,Non-binary,Master's Degree,8.70030004668007,Pass
79.27726769179783,98.76866385732104,28.922865441986755,23,Non-binary,Doctorate,5.776256707871692,Pass
90.03708499737242,58.50577086546407,30.906839525126664,20,Female,Bachelor's Degree,3.297091909098551,Pass
67.88748455791215,94.91190319766176,28.595981363652548,20,Non-binary,Bachelor's Degree,7.080796574783997,Pass
67.47115568783876,88.84016660699439,23.15910586216581,22,Non-binary,Master's Degree,5.883179072820221,Pass
60.28467961474854,53.823997774965655,0.5843598843553144,21,Female,Associate Degree,3.097401654401852,Pass
65.560347348914,99.33645507504244,14.415019694526826,21,Female,Bachelor's Degree,6.1626507214861705,Pass
86.25409119745278,63.56829817695053,24.193577174503247,18,Female,Associate Degree,8.393820201007175,Pass
71.21594306040485,54.929146351120615,15.498051836901547,22,Non-binary,Master's Degree,1.2571382595160938,Pass
57.92514008604568,91.46571170628798,34.53919579651252,18,Female,Associate Degree,6.677659347806006,Pass
73.93543570485494,85.33377668388499,12.352091013984614,22,Male,Associate Degree,4.146266762059529,Pass
85.7679101647906,80.86094029389504,11.741391698346417,18,Male,Associate Degree,3.6340430118348177,Pass
61.57171504678857,57.799043184946655,10.639907723706319,19,Male,Bachelor's Degree,4.533289753250001,Pass
50.07092170606655,73.9248058127981,13.31123475843182,24,Non-binary,High School,4.078203978231835,Pass
100.0,89.02780134436068,22.296198572567487,20,Male,Doctorate,8.490151960375975,Pass
49.3220597493513,65.18119690719202,28.280611770903633,20,Non-binary,Associate Degree,3.4731802969111047,Fail
64.61466154216322,65.58449142575208,26.502716709551404,23,Non-binary,Associate Degree,7.598377207959269,Pass
73.48192767788005,50.157045302406104,32.30871279925918,24,Male,Associate Degree,1.8465383820572985,Pass
65.91358448133563,58.712170082268976,35.436559819897,21,Female,High School,9.56256735235974,Pass
68.87633733017472,93.77028125609172,32.64316169373405,23,Non-binary,Master's Degree,6.600849735236967,Pass
78.6525725181189,72.08732458188535,0.757816134974183,19,Male,Bachelor's Degree,7.360467193401041,Pass
34.124175134308096,99.2117249617217,29.43671814207955,23,Non-binary,High School,3.6823539888500587,Fail
50.99658292714223,69.78539817868963,8.335982944733264,20,Female,Associate Degree,4.708869118373031,Pass
70.66389079105494,85.75932273901206,5.317121708319306,21,Female,High School,3.0140054764387862,Pass
63.93674482039585,64.09595214523645,25.53955139196542,19,Male,High School,9.392824772220015,Pass
71.94116887413396,68.19048205704668,12.789727816307796,20,Non-binary,High School,5.3929400239123995,Pass
73.41479923946956,59.53629937954473,2.2846865348177303,24,Non-binary,Master's Degree,6.67403304092191,Pass
38.26120006793512,67.35311842496975,5.505189375934454,18,Non-binary,Doctorate,7.608448274776439,Fail
89.1046049822747,77.36187602103216,0.037176674798442555,22,Non-binary,Bachelor's Degree,4.33995481989585,Pass
62.525981753494754,99.58864404896246,36.12894509378829,19,Male,Master's Degree,7.4809148908522705,Pass
57.0173022283599,83.21008565358929,0.9847193536495435,21,Female,Master's Degree,7.083932407807062,Pass
73.12532943938919,59.962297720415705,8.378230780380441,23,Male,Doctorate,7.350934004865518,Pass
71.60740341673365,52.248072079577554,16.650511227516294,24,Non-binary,Master's Degree,5.403069101841516,Pass
87.95036226481957,56.31782406572553,14.262853038032762,23,Non-binary,High School,4.446436440624554,Pass
74.07809744155026,78.12776006365237,36.46903507651103,19,Female,High School,2.9987396938809088,Pass
87.3716627203645,88.25801644083832,1.6115578293816846,24,Non-binary,Associate Degree,8.421637175208037,Pass
55.92733936858442,97.02096036503735,20.48858830708206,21,Male,Master's Degree,6.475150418785108,Pass
72.12791582811249,50.79115859984104,27.21917850097496,19,Male,Associate Degree,4.999169764877455,Pass
53.27878439012666,76.1380070780935,37.267918947246756,21,Female,Bachelor's Degree,9.495963160395503,Pass
71.4651378334042,73.54336781115884,24.81485008494884,23,Male,High School,1.4305493125633493,Pass
68.28568066597171,82.8027510987852,32.150209440470505,20,Male,Bachelor's Degree,8.651547506845429,Pass
67.64053862198645,77.9789427232671,3.348997513813936,24,Male,Doctorate,9.978243336513751,Pass
67.77208671457551,84.35195752912404,15.437580437477095,18,Male,High School,8.982478997945806,Pass
81.04584205276896,82.90412923745951,14.957885379162699,20,Non-binary,Bachelor's Degree,8.293929270540627,Pass
45.88960514496131,55.85058624289731,35.4515286582287,18,Male,Doctorate,4.368753940656922,Fail
56.503182058237414,89.98589568093598,6.054846850530997,23,Female,Bachelor's Degree,3.0818276403606415,Pass
69.39142259882237,56.16162878581624,6.075446893465211,24,Female,Doctorate,7.61365468449641,Pass
52.320053657931254,84.92653126045685,13.14232599543194,20,Male,Doctorate,3.7411782965971154,Pass
70.69171159301565,70.80726838203034,2.178641894673503,20,Female,High School,2.584357139394736,Pass
69.23721218138388,75.6925367288299,7.298321626099602,19,Male,Associate Degree,8.078732983932323,Pass
48.94365032421125,95.16490071878553,38.608385541829406,22,Female,Doctorate,3.8128928701305,Fail
48.20252280618584,94.49418632367433,17.127357594686913,23,Female,Doctorate,9.229975565386045,Fail
30.643176466761012,90.89281528275149,25.280768336897456,21,Male,High School,8.565693803372127,Fail
51.68994925477131,75.50741902281617,29.044450373785477,23,Male,Associate Degree,8.628762965583297,Pass
70.214848873159,86.81199050669166,14.67845628028802,21,Non-binary,Master's Degree,7.944127534502436,Pass
72.34281734411316,75.64485277594046,5.889082976420679,24,Male,Master's Degree,8.92793281397263,Pass
73.02849339442676,93.48030412373888,8.263240648871232,21,Male,Associate Degree,8.25172202960308,Pass
58.33121780998928,70.138791661645,12.530659063224414,18,Non-binary,Bachelor's Degree,6.422602272172558,Pass
69.72544773967766,98.51176722074385,25.442736814089027,21,Male,High School,3.6624044672367684,Pass
75.95866913862179,96.61613791144387,15.931221963562177,21,Male,Associate Degree,8.993882738927342,Pass
50.979466757482705,87.08013097258927,0.2725879160051248,19,Non-binary,Master's Degree,8.565432604958726,Pass
71.8499361158581,63.970794208803596,20.936287402698873,20,Male,Doctorate,5.255913899894906,Pass
79.84721817752637,56.58267943966292,36.86053567629671,23,Male,Master's Degree,1.3517081740175967,Pass
62.63841805265679,92.73517250465987,32.48310444034716,23,Non-binary,Doctorate,6.746893546617221,Pass
85.93351495524405,58.26511430689806,33.00845485038524,24,Non-binary,High School,1.4553716830892356,Pass
62.98848484262545,92.71303944986678,31.802320704245247,24,Female,Doctorate,9.336519656635666,Pass
57.099087173153876,74.53825033561802,12.949233024416946,21,Male,Associate Degree,9.654681309627763,Pass
78.35261767829381,70.32783919040521,30.607753350175678,22,Female,Doctorate,2.705411313096438,Pass
100.0,95.15953894172145,5.72645431244772,23,Female,Bachelor's Degree,7.08750440249419,Pass
71.28030428331714,80.19254912701389,26.30864589103814,24,Non-binary,Associate Degree,1.830421041064865,Pass
79.5236170617058,78.83070035648589,25.662742667399776,21,Male,High School,7.565652357158099,Pass
62.36924168353234,77.93829723121988,1.0227919635893867,24,Male,Associate Degree,4.125588995374072,Pass
51.37575670305959,68.55847580097657,31.518805343637265,18,Non-binary,Bachelor's Degree,7.1294510055740075,Pass
72.493984688511,89.28215517645637,36.129924203805224,18,Female,High School,4.355888582819601,Pass
74.86599957681867,62.63992220078865,10.696611138884307,24,Non-binary,Master's Degree,2.310107588499122,Pass
64.63133364428256,96.94474800206376,32.49562896744604,18,Male,Bachelor's Degree,4.654989824523021,Pass
79.46584777032258,94.69926025234804,3.296238874477928,24,Non-binary,High School,2.01406173971311,Pass
60.1887998527852,66.87401628374491,23.998714330442642,21,Male,Doctorate,6.191949474792512,Pass
56.46870601222387,86.47318849158319,19.425874613371086,19,Female,Associate Degree,1.368563789345318,Pass
85.90964395729247,78.66115972247957,21.83694133236,22,Male,High School,5.745877116398737,Pass
85.98021439812446,66.88246509996173,37.0482080753738,21,Female,Associate Degree,8.977317823859867,Pass
60.48485341246482,99.42608239977233,34.85260988987414,19,Female,Doctorate,8.540859431074264,Pass
95.78275735607232,51.26186729241321,31.40334628959028,19,Male,High School,8.945035296638471,Pass
65.69339961204626,62.63230153106433,10.947938307134839,23,Male,Master's Degree,9.298439219143965,Pass
71.27174296965939,76.00370305555752,36.47274514744367,21,Female,Bachelor's Degree,1.9407509908812481,Pass
68.73021187227359,76.0976501739282,3.90030769855501,21,Non-binary,High School,2.158724825881418,Pass
77.8564032616852,79.4466537472782,34.13316866235151,24,Male,Doctorate,6.013061256818157,Pass
74.07132240701414,87.58380860114596,13.126402894144311,19,Female,High School,9.045754015819863,Pass
73.86943242372487,81.17389152596482,2.150892466479335,19,Female,Associate Degree,9.769145108716277,Pass
54.70657552420171,80.01407302640185,26.77427936962993,19,Non-binary,High School,1.4163572560599995,Pass
44.671565248154735,52.675723145652164,9.251197132638218,24,Male,Master's Degree,4.201966757805941,Fail
87.13240042379293,68.82651438946492,9.742845034585276,23,Female,High School,2.916048291939941,Pass
61.81831001590385,61.602786985057804,12.24188664915086,21,Non-binary,Bachelor's Degree,7.803692640381232,Pass
69.26449939849783,63.268505580098775,2.547390700100669,19,Female,High School,6.761744816833287,Pass
74.90198364834671,77.71687371701725,7.0850857679301615,18,Male,Associate Degree,2.0789922833546086,Pass
94.43514405023902,59.97526574648042,0.2055851034224121,21,Non-binary,High School,5.351698606284743,Pass
72.42036886963761,64.69745505084488,17.81638084423147,24,Female,Master's Degree,7.168964701341622,Pass
64.07803655613854,61.854235425867,3.3702150967188516,23,Non-binary,Doctorate,8.011048545316338,Pass
62.14683428069714,97.42514716090975,27.30610420176796,18,Male,High School,1.1804743880560769,Pass
69.43964738137092,97.23328660855475,9.424914047665936,24,Non-binary,High School,9.014226165855009,Pass
56.35952845539081,80.49707792980259,37.742965761407085,20,Male,Bachelor's Degree,6.12353244655472,Pass
70.43313584723515,96.226123436595,34.85006509594611,21,Female,Master's Degree,8.307182034639142,Pass
69.21970467312978,89.29063227341865,11.57763579872833,20,Male,Doctorate,8.271442270128551,Pass
94.62290422966227,79.49739414009044,31.32861818626715,24,Female,Associate Degree,2.7086739424387223,Pass
68.74598292113619,50.321760574839786,32.12979618659225,24,Female,High School,1.991549082282698,Pass
41.132677584267256,88.6258143039702,39.46252456457642,24,Male,Doctorate,7.49158542076444,Fail
100.0,85.12441707942344,23.913599473827396,19,Female,Associate Degree,2.4078422693945716,Pass
84.35250596734146,80.7626826641207,3.2786293857464877,23,Non-binary,Master's Degree,8.649437422642514,Pass
100.0,88.02121558412358,25.87348915705524,19,Female,Master's Degree,7.535705354758946,Pass
52.64020019523274,75.6461082387383,24.999189935041407,23,Male,Doctorate,8.576428279287363,Pass
66.67259828115562,85.20416356606695,25.534023096817272,22,Non-binary,Associate Degree,3.6911141164841146,Pass
80.11601862241478,96.75860433632467,12.28582592416846,19,Non-binary,Master's Degree,3.8493825436951212,Pass
78.04587058426688,68.7902507923043,34.387183403213314,20,Female,Doctorate,7.040994007116859,Pass
74.60406561039328,85.40609174503126,38.37888731821648,23,Female,Master's Degree,1.283013595530528,Pass
37.00583922249169,73.78439090054793,8.708500519126062,19,Male,Master's Degree,7.538470717036804,Fail
44.313408136535294,83.71998259069908,3.526086325465778,21,Non-binary,Master's Degree,8.522047637691411,Fail
92.76280163595808,88.14466677771821,7.781401326739363,24,Male,Bachelor's Degree,4.736472279436937,Pass
95.42994299304534,52.2726250217898,32.82208557022875,23,Female,Associate Degree,7.883909470796218,Pass
68.40023062845407,82.3300221974331,27.0657853927939,23,Non-binary,Doctorate,2.5714982528403576,Pass
90.85641211609573,61.33705922034723,25.441893693565063,19,Male,Doctorate,3.900343544375362,Pass
54.65158350785053,83.50162689037833,16.07172540437698,22,Male,Associate Degree,9.768744667994296,Pass
58.08360919796979,73.41650929669068,23.11311886045743,19,Male,Associate Degree,9.876953562041136,Pass
53.46579517205276,88.67763709324436,12.314965010974696,20,Male,Associate Degree,5.613445477194292,Pass
57.25120681467031,56.17004076027982,19.088003176718452,20,Male,Associate Degree,9.408428123174891,Pass
80.84044014283928,81.31611758280975,31.722521134826238,23,Non-binary,High School,5.704576102511691,Pass
57.06471440404833,63.92353644637762,39.249663898218486,23,Male,Doctorate,3.6242931534504157,Pass
100.0,92.64909976652957,37.29955694359207,19,Non-binary,High School,3.4020935928889466,Pass
76.90105909521156,96.41917528181537,37.354637713849954,20,Male,Master's Degree,9.365551348313339,Pass
86.26790569742633,99.81991468395277,16.088949393884494,20,Female,Master's Degree,2.552017500764732,Pass
77.34910874200109,89.80037012136417,18.75159522027164,22,Female,Doctorate,6.2166921238163635,Pass
88.21404475688918,87.68670352140023,28.225415854759262,21,Male,Master's Degree,5.999725612564476,Pass
56.98000000692179,60.775037943377555,36.88767712205137,22,Female,Associate Degree,7.656595161876955,Pass
91.70400307299336,66.80035294950544,5.679770374083386,18,Non-binary,High School,5.493186167722973,Pass
72.11408328387155,73.28412708811398,12.16967455308783,24,Male,Associate Degree,3.4505709463732077,Pass
88.13899166453109,88.6690523891125,5.569873783764381,22,Non-binary,Master's Degree,2.524568496684207,Pass
48.40653919935724,95.74829325389842,24.480341198378213,19,Male,High School,6.587369231553026,Fail
72.70874809912544,59.45695500114923,12.252039875501502,21,Female,Associate Degree,7.470916811679098,Pass
72.17858075172498,96.11837423350514,13.044314100502937,19,Non-binary,Doctorate,6.125691508138294,Pass
60.71145302530837,84.7812326177029,2.8366383795191696,24,Female,Associate Degree,7.645161494090753,Pass
74.69678244620896,80.53853653425193,13.991842472303677,18,Female,Master's Degree,2.273690822049641,Pass
93.09410272002272,59.99206356409697,34.49986029606342,21,Male,High School,8.942231754488219,Pass
59.55771461555318,52.77625164045753,9.322912475633398,23,Non-binary,Doctorate,6.241559575676527,Pass
84.42781534307407,78.423244925397,27.80749864840263,20,Female,High School,2.1415953420333746,Pass
53.08865415780238,82.57578416644462,25.185133797543706,22,Male,Doctorate,5.157326837851615,Pass
100.0,60.539072467734414,34.53938433476461,19,Male,High School,8.603125640793202,Pass
81.76900477655063,77.82281029127282,5.29151790604153,18,Male,Master's Degree,9.078059741078441,Pass
95.87675998387859,92.82467013812868,39.10359841380173,20,Female,Doctorate,3.3818455449888534,Pass
80.08090778640651,91.753297272751,23.305145841614625,22,Male,Bachelor's Degree,7.4013924223940775,Pass
75.85919766594043,96.36775902931487,39.818966093872575,20,Non-binary,High School,1.8998672273539903,Pass
81.89399410728878,68.29429047784402,36.46058903463403,22,Non-binary,High School,1.3019128427094202,Pass
67.95328804968743,65.90247862754593,8.860690884524232,23,Female,Associate Degree,6.043590584379485,Pass
45.732491416625166,87.47130029904044,2.246480396132524,21,Non-binary,Doctorate,7.253448213953133,Fail
76.71099019700189,71.55562025485025,10.225563751814462,20,Male,Bachelor's Degree,8.162080580588519,Pass
58.66744998100368,54.37743320138903,21.102545959976794,20,Female,Master's Degree,4.061946146098012,Pass
53.47507126930897,64.14005653352498,6.8638546826076,20,Male,Associate Degree,1.058728693859983,Pass
79.54439752657915,70.92911427657445,6.69838978071954,21,Female,Bachelor's Degree,5.315673134002184,Pass
65.81337287650459,64.6258212738126,18.503741884206125,18,Female,Doctorate,1.142681908362103,Pass
85.41556609908534,66.61027854736608,1.330718846774337,22,Male,Bachelor's Degree,1.8278605960371994,Pass
58.16588846861394,64.68879530871953,4.875523301290818,23,Non-binary,High School,3.9402012027857354,Pass
62.9375653522926,52.074958359153975,16.634453576317902,20,Non-binary,High School,4.934548446041594,Pass
87.2544403945209,81.85473504122213,2.5251963683186585,24,Female,Associate Degree,3.515224971066837,Pass
74.19763991496413,79.86462101767347,15.870202258221173,21,Male,Doctorate,6.23678739854237,Pass
47.84007938640791,82.66917492393404,18.960250637937804,18,Male,Doctorate,1.4981481029628567,Fail
73.86641324290167,59.61549480168137,18.050664562924577,22,Female,Bachelor's Degree,2.3012173921562624,Pass
92.21857822883206,64.78272708062427,34.76699429612349,21,Non-binary,Associate Degree,7.257325606798902,Pass
62.821338330677996,80.98079634724611,21.202498202069297,23,Male,Doctorate,2.2792676823812594,Pass
78.97086544679364,79.98137842299607,18.719218499121734,23,Non-binary,High School,6.757976814133802,Pass
57.25919627266143,75.31651546771339,16.42836981566665,22,Non-binary,Bachelor's Degree,1.49216158678029,Pass
67.94825087545857,67.52066250050987,32.70493513217944,20,Female,Master's Degree,4.666440512072263,Pass
86.3475330467565,95.6465502387345,35.80226415999333,23,Female,High School,2.596685231090641,Pass
73.2884750163246,66.98851211494218,34.129698767884705,18,Non-binary,Associate Degree,1.9867265428166778,Pass
89.33904794073455,72.78095782186259,26.941863125255633,21,Male,Doctorate,6.103295051511048,Pass
76.37953606341793,83.90569154771043,5.494469838746969,18,Male,High School,9.355021948050595,Pass
100.0,77.1510715433382,11.07479877968049,20,Female,Master's Degree,1.4930834313119394,Pass
46.52629946171096,67.34429881821927,1.8425225472790974,18,Non-binary,Master's Degree,4.793988233962308,Fail
66.74209974908553,71.78223952282549,37.23296299960457,18,Male,Associate Degree,7.367818939708993,Pass
53.731993100619235,89.7240408926753,26.431941187636415,19,Male,High School,5.164190485190443,Pass
54.756262383126256,63.90645777433062,29.85451537252966,18,Female,Bachelor's Degree,8.258463514947207,Pass
54.89224459290941,57.112761988840774,12.462869583289159,22,Non-binary,High School,2.616807842777185,Pass
72.51588733076831,65.65816009148885,33.826140891093694,21,Male,Master's Degree,9.636347845249665,Pass
73.39451402232801,92.47671077439506,10.38413134833914,19,Female,Associate Degree,4.466463649952864,Pass
76.41183887492674,54.44948574281733,0.06575028449798737,21,Male,Associate Degree,4.074126696498476,Pass
53.15409159783172,99.58480366862258,15.056598500827757,21,Male,Bachelor's Degree,8.871452150528494,Pass
65.13662771502564,77.05014494638313,22.830459238362938,20,Male,Associate Degree,6.074803287025899,Pass
55.53558040365448,99.2422871983547,19.148194318620902,20,Female,Associate Degree,5.647999077125394,Pass
84.03822334407573,96.94982110429888,34.48304570306388,19,Non-binary,Associate Degree,7.542801275755878,Pass
56.945986747285396,72.64068571054584,4.2162114382466775,23,Female,Associate Degree,6.218508144529814,Pass
66.79431772006178,59.924553730267455,22.152937625349022,24,Non-binary,Associate Degree,2.462640802814038,Pass
78.40459661984659,58.244238828256925,20.519173992836297,20,Male,Master's Degree,7.067778605784367,Pass
60.765569882536525,61.999468193497876,11.25571928688652,24,Non-binary,High School,2.2012199135391564,Pass
80.40817667470981,85.50663202822687,32.889124503080424,20,Male,Doctorate,8.252719348006558,Pass
93.94119603299723,63.64749973657439,30.113946235288253,20,Male,Associate Degree,9.907629379410439,Pass
72.84567593088288,67.07126348021492,29.314367493273238,21,Female,Doctorate,4.396488624772987,Pass
83.52416371852611,72.43894019973074,35.04769913078224,19,Male,Doctorate,5.0028030838181134,Pass
38.89868666595426,95.66163402107281,28.911384024860848,21,Female,Master's Degree,1.4179028993453109,Fail
63.56422109728224,59.469670894242306,9.273651668589057,22,Non-binary,Associate Degree,1.1235986927432045,Pass
72.77351225393465,50.25132763049015,28.222508465987644,21,Non-binary,Doctorate,9.292774013886948,Pass
54.2055238239954,53.00482051890851,12.308112535593754,24,Male,Associate Degree,2.1576165439527286,Pass
73.11474003106137,95.2383170840059,9.68698601389882,24,Female,Bachelor's Degree,5.012008728035233,Pass
85.89910834088727,82.37582324216815,2.920143715985093,22,Male,Bachelor's Degree,8.338191614700053,Pass
41.80659057984967,63.65203096639034,29.76114321390707,18,Female,Bachelor's Degree,9.003868839354876,Fail
52.16390701294229,58.85962505055956,28.44003847799245,18,Female,Doctorate,5.674579167551209,Pass
72.77219906146279,64.71333683185571,9.379979106963749,22,Female,Bachelor's Degree,6.085292724783548,Pass
76.90629594160072,55.73984636256401,29.97516066896624,22,Non-binary,Master's Degree,7.0271557521694525,Pass
81.07120562364476,97.07664551422205,36.713635323742125,21,Female,Master's Degree,9.652442231293437,Pass
71.66334218331652,89.21030871826335,4.32115829966317,22,Non-binary,Doctorate,6.424029648500546,Pass
76.92268607523714,73.11955884562704,9.305465535470997,19,Female,Associate Degree,6.035277335107116,Pass
83.55221062811022,93.24813025576009,30.01043176349262,18,Non-binary,High School,1.130807217393916,Pass
63.78312847344511,62.47291021466161,10.98026694028313,18,Non-binary,Associate Degree,1.7285473182012048,Pass
60.871208709903684,85.85602842360967,24.98655897134867,23,Non-binary,Associate Degree,6.194544639615966,Pass
67.47240053597697,92.80662495068717,3.2465689785485807,22,Male,Associate Degree,9.426163490264829,Pass
72.99231913416119,67.83843558116362,18.08809916414155,20,Female,Associate Degree,8.800222135594556,Pass
60.125898351980226,87.87322227253588,29.563656879718124,20,Male,High School,9.84321030692984,Pass
64.09364025290182,64.75361746321546,27.4605577217301,22,Female,Bachelor's Degree,5.750506338051466,Pass
75.96552655760944,64.94285676295154,32.602884027032275,19,Female,Associate Degree,8.091378445939903,Pass
72.36626171544573,55.352858927709306,35.09808506412676,20,Male,Master's Degree,8.563602983404063,Pass
67.21994315776362,72.00290232546993,30.92734005035033,23,Non-binary,Doctorate,6.8322849159777554,Pass
43.88396034906026,86.48559532487111,26.86350971755704,24,Female,Doctorate,4.048749137930566,Fail
69.9473801198719,97.01104027856425,1.268899672641246,22,Non-binary,Master's Degree,5.22980591192015,Pass
55.44994048736436,80.1898495964548,21.39866693637776,19,Male,Associate Degree,8.72125365019211,Pass
84.7462405780885,93.15677688678696,1.5079089965941117,19,Non-binary,High School,3.6869313338394756,Pass
65.36918270082239,91.12473246451135,32.322712684640905,21,Female,Bachelor's Degree,9.313688181399836,Pass
55.0565191566622,58.667152648764045,12.828980978398302,19,Female,Doctorate,3.068257072803986,Pass
69.07685089179927,74.29087144563158,22.497174964716837,20,Female,Bachelor's Degree,7.745647736411026,Pass
89.06049377638287,55.84617677626957,11.177812292756105,24,Male,High School,6.675033109111645,Pass
79.46223773716929,84.10765807808176,31.300005775211744,20,Female,Doctorate,7.74639497008686,Pass
73.29875725908902,97.4949834123038,35.4601010656761,22,Male,Bachelor's Degree,4.936128151893353,Pass
50.108574114297156,56.854472903937825,15.945699768522559,24,Non-binary,High School,9.393769562985861,Pass
94.32400149649482,86.69415654012707,34.51689574043956,22,Female,Bachelor's Degree,6.692249821703297,Pass
60.67559238946146,81.61190754339304,10.683000298253296,19,Female,Associate Degree,3.5946622409883067,Pass
84.00675869308515,79.18025185040499,21.386436923020952,23,Female,High School,6.746095635869294,Pass
65.11955682472878,69.50601173441696,34.35045719354816,18,Non-binary,Bachelor's Degree,3.5813417248632806,Pass
82.56261808724858,67.75658238769063,13.035253704631614,24,Female,Associate Degree,3.6426915258388677,Pass
89.6031114381291,52.26245945094439,38.16169060312343,21,Male,Associate Degree,4.596386604587812,Pass
79.722059048613,60.895435412600676,4.875180071255345,18,Non-binary,High School,8.671873758122072,Pass
81.33782439639909,50.75884411434134,0.7310027889402493,19,Non-binary,Master's Degree,5.5026808695459275,Pass
68.52341520766552,79.07085527910102,36.165414103127624,19,Non-binary,Doctorate,7.110107580071867,Pass
63.49050786890784,55.29266179389544,2.7459466459148896,18,Non-binary,High School,4.527709662470167,Pass
72.07448034678715,93.6509697014858,39.67556783789967,21,Non-binary,Associate Degree,3.3724489582619332,Pass
64.90128241346174,76.15715103485826,38.055874479164245,24,Male,Associate Degree,9.591761446446082,Pass
100.0,84.98449545293542,5.480836401452827,24,Non-binary,High School,6.432231224107563,Pass
55.11462570264229,70.54285459202482,21.503385027702635,18,Female,Master's Degree,9.405562047244464,Pass
85.03127824885614,78.02899045005243,7.396811898685773,22,Non-binary,Doctorate,2.8307170197848355,Pass
77.7579525180852,97.13295884833153,17.126206921204794,20,Non-binary,Bachelor's Degree,2.3220474752163947,Pass
73.44808312185907,54.136701981183535,2.457005170393307,23,Non-binary,High School,8.702406164115132,Pass
92.1982914987076,62.696888596184806,8.95698351186358,22,Non-binary,Doctorate,7.1282549135552635,Pass
74.47566178901769,88.99941634552721,14.530911855955981,24,Non-binary,Doctorate,2.679206493282772,Pass
60.47639620386377,54.936860344133294,17.545900009842192,20,Male,Associate Degree,3.4242373059718396,Pass
74.37595565880112,53.78305519520554,39.09985032835573,23,Male,Bachelor's Degree,8.2059754737278,Pass
81.01327328062294,53.09428508402376,38.4840841666011,22,Male,Doctorate,3.9076396156517603,Pass
60.750924189317544,76.76839705908256,21.425380023502978,24,Non-binary,Bachelor's Degree,8.55073987006661,Pass
64.35735095827468,78.30358232240826,24.73163195019152,23,Non-binary,Master's Degree,3.6790634403356117,Pass
49.34905446244555,87.57264722296719,27.22689492902948,22,Female,Master's Degree,6.937872764077754,Fail
63.03668353850161,56.59826598119809,26.66926119430359,20,Male,High School,2.2328400007857505,Pass
73.80791813521877,75.65915418783894,20.438829721802485,23,Female,Master's Degree,7.1817984436141895,Pass
93.53401743516244,59.72238222158443,17.15057164458734,24,Non-binary,Bachelor's Degree,9.219697404400303,Pass
64.6975683069747,54.659805978134735,2.1512785670951162,22,Female,High School,6.477248391759175,Pass
54.427462793695994,70.52478970302772,0.8834338120471896,21,Female,Associate Degree,6.038698420310295,Pass
92.46053456401188,58.16683240445286,14.318447781310585,19,Non-binary,Master's Degree,9.650064412194762,Pass
62.43171344373673,61.08909890961593,13.346435625347706,23,Male,Master's Degree,6.646568997842618,Pass
43.774275157887026,65.87772899347509,15.50780619356027,24,Male,High School,3.3359538994577433,Fail
71.99640602705176,62.969420037159814,5.534728035527601,19,Female,Doctorate,3.6315192146296638,Pass
65.12839790081237,54.37956487029732,29.526730821473745,18,Non-binary,Master's Degree,7.347759782823345,Pass
100.0,54.49581224298512,34.27857659104956,22,Female,Bachelor's Degree,7.6189293450296764,Pass
77.13049051520818,59.662470761708406,37.5485854149614,18,Female,Master's Degree,3.7314660861011366,Pass
67.80486469517746,52.52795939797695,19.694492140785034,24,Female,Associate Degree,4.108095801336972,Pass
56.13254186116595,81.32285098384637,28.034627965017144,23,Non-binary,Master's Degree,9.919508578651783,Pass
41,67.9,4.1,20,Female,Doctorate,8.8,Fail
25,52.9,6.6,16,Male,High School,6.9,Fail
39,72.5,7.3,18,Other,Associate Degree,7.8,Fail
33,55.1,2.7,17,Female,Bachelor Degree,8.5,Fail
22,65.6,5.1,15,Male,Master Degree,6.7,Fail
47,76.8,3.4,19,Other,Doctorate,9.3,Fail
28,59.4,8.7,16,Female,High School,7.5,Fail
37,68.3,4.2,17,Male,Associate Degree,8.4,Fail
32,74.7,6.0,18,Other,Bachelor Degree,6.0,Fail
23,56.0,9.1,15,Female,Master Degree,8.9,Fail
45,64.1,2.8,19,Male,Doctorate,6.5,Fail
30,60.3,5.8,16,Other,High School,8.1,Fail
40,69.6,7.7,18,Female,Associate Degree,7.2,Fail
19,52.1,3.6,17,Male,Bachelor Degree,8.0,Fail
49,78.7,4.9,20,Other,Master Degree,7.6,Fail
34,57.8,9.0,16,Female,Doctorate,8.2,Fail
26,62.2,2.0,18,Male,High School,6.3,Fail
48,76.6,6.5,15,Other,Associate Degree,8.3,Fail
24,55.6,3.9,17,Female,Bachelor Degree,7.1,Fail
46,72.2,5.9,19,Male,Master Degree,9.0,Fail
13,66.5,7.8,18,Other,Doctorate,6.4,Fail
38,54.5,4.6,16,Female,High School,8.7,Fail
20,69.1,2.3,17,Male,Associate Degree,7.3,Fail
44,60.6,7.0,15,Other,Bachelor Degree,6.1,Fail
29,53.8,8.8,18,Female,Master Degree,9.4,Fail
36,63.8,1.7,19,Male,Doctorate,7.2,Fail
27,77.0,4.0,16,Other,High School,8.5,Fail
43,65.3,6.4,18,Female,Associate Degree,6.8,Fail
31,56.3,9.7,17,Male,Bachelor Degree,9.1,Fail
18,58.9,3.4,19,Other,Master Degree,6.0,Fail
37,71.5,2.5,15,Female,Doctorate,8.6,Fail
14,61.6,5.2,16,Male,High School,7.9,Fail
22,66.9,8.3,20,Other,Associate Degree,6.6,Fail
46,73.4,7.4,18,Female,Bachelor Degree,7.0,Fail
15,53.0,4.8,17,Male,Master Degree,9.2,Fail
41,64.3,9.2,19,Other,Doctorate,6.5,Fail
25,75.6,1.9,16,Female,High School,7.7,Fail
30,59.7,6.7,18,Male,Associate Degree,8.4,Fail
49,77.2,3.3,15,Other,Bachelor Degree,8.8,Fail
23,57.1,2.4,17,Female,Master Degree,6.9,Fail
32,68.5,8.9,19,Male,Doctorate,7.1,Fail
35,52.7,4.5,16,Other,High School,8.2,Fail
29,55.4,7.6,18,Female,Associate Degree,6.3,Fail
48,71.3,5.3,17,Male,Bachelor Degree,9.0,Fail
17,66.2,9.8,19,Other,Master Degree,6.7,Fail
39,63.6,2.1,15,Female,Doctorate,8.5,Fail
26,74.2,6.1,18,Male,High School,7.4,Fail
14,58.0,7.9,16,Other,Associate Degree,7.0,Fail
47,69.9,3.7,17,Female,Bachelor Degree,8.9,Fail
28,62.9,9.5,19,Male,Master Degree,6.1,Fail
38,77.1,1.4,15,Other,Doctorate,8.0,Fail
16,60.0,4.2,18,Female,High School,7.6,Fail
43,55.3,7.4,17,Male,Associate Degree,6.4,Fail
19,54.7,3.4,16,Male,High School,7.9,Fail
33,69.2,5.8,17,Female,Associate Degree,8.1,Fail
27,63.4,2.3,18,Other,Bachelor Degree,7.3,Fail
45,78.9,9.2,15,Male,Master Degree,6.2,Fail
22,57.3,3.0,19,Female,Doctorate,8.5,Fail
29,61.1,4.5,17,Other,High School,7.7,Fail
34,70.5,8.9,16,Male,Associate Degree,6.9,Fail
74.95250261789451,64.3663358254451,34.2220449374349,19,Non-binary,Doctorate,1.917572946222497,Pass
91.85064925092692,63.98729838845355,16.731644443739437,19,Male,Master's Degree,4.641805255960894,Pass
74.67721275215891,66.59991471188826,12.376511794817775,22,Non-binary,High School,1.562027780777567,Pass
57.28855461823081,83.13981371048608,37.4689822341396,23,Female,Master's Degree,8.389705257984168,Pass
78.08209317627932,93.53169407417452,20.627062043082923,21,Female,Doctorate,1.83111255050889,Pass
69.27089657690777,87.95434662778192,19.890155463635118,21,Male,High School,7.066066208164401,Pass
76.72919654977244,86.37646151125475,7.136643862539831,22,Non-binary,Bachelor's Degree,1.5083508160313386,Pass
64.67788974723669,74.21955928004246,4.32620058293427,23,Female,High School,7.055695340287221,Pass
64.32557088608182,84.69027784837058,33.68427449934047,22,Male,Associate Degree,8.587332522349328,Pass
63.7333030385233,77.63811840167915,24.565327047500723,23,Male,High School,4.589393742316516,Pass
84.13357227246043,60.812526409326445,13.032983360777948,24,Female,Bachelor's Degree,5.699138440889592,Pass
64.47662087138363,60.429418387052536,7.669448695610659,24,Female,Master's Degree,4.613875642047542,Pass
63.1040390293866,64.81960034376417,22.219891206785256,18,Non-binary,High School,3.7043988276937503,Pass
55.8690114765645,95.54013354849067,23.356771570445414,22,Male,High School,8.229370605644153,Pass
76.81020702575151,77.37074201898629,8.279744049802327,23,Female,High School,3.448023163578907,Pass
74.67552703196827,86.69526885009347,34.05622991565896,21,Male,High School,7.506490819505023,Pass
63.268476632670534,67.32793799082738,3.3705746462340436,23,Non-binary,Bachelor's Degree,2.8557737132968204,Pass
59.35931938663209,70.38578853326126,14.243723406656867,24,Female,Doctorate,3.248684164704966,Pass
98.14260119841568,56.278278931862566,27.215376550500885,23,Non-binary,Doctorate,4.02815046319491,Pass
41.79335417312743,58.56474789108352,10.964814552768027,22,Male,High School,6.302407396544094,Fail
77.39758004802582,91.36782774130728,33.10700779125087,18,Non-binary,Bachelor's Degree,5.08980087243587,Pass
89.37105322324012,79.2419315844441,29.59471306401614,18,Non-binary,Bachelor's Degree,7.706303288450384,Pass
19.197793577675498,66.87662329419095,31.56091378192537,18,Male,High School,2.9221057030257307,Fail
81.9121009011427,90.1425604497773,4.764261435068651,18,Non-binary,Associate Degree,1.096050590639507,Pass
66.69618097755868,62.325995281899154,5.621885119821717,24,Male,High School,7.989017246066981,Pass
73.84082296424889,98.80163493001018,11.458949509783345,20,Female,Associate Degree,8.394844004920653,Pass
65.15143053216865,67.2408803873085,20.723086607902445,22,Male,High School,1.535321467975506,Pass
86.13090168469115,66.86554770756138,29.920643067976094,19,Male,Associate Degree,6.498167699425569,Pass
75.44679012507036,65.59559527683527,33.461235630436136,22,Female,Associate Degree,4.4038610548577015,Pass
71.97579834301473,56.105575796214396,28.173412638287218,20,Male,High School,8.14506089675065,Pass
56.51709089562111,55.556857366600624,37.14387526122553,18,Female,Associate Degree,8.869730987768307,Pass
98.23438350751283,82.40525172670617,29.54974038463721,20,Female,Master's Degree,8.659033901175242,Pass
70.14896529599906,93.75590222790234,12.250715480184589,21,Male,Doctorate,7.994838226157669,Pass
100.0,89.52602551358368,10.603251373542903,21,Non-binary,Bachelor's Degree,3.4214700586794664,Pass
98.91354077767292,57.05537970106755,27.847698012043594,24,Non-binary,Associate Degree,8.307006792114851,Pass
43.32473549101929,77.27910608960332,7.714822747584571,22,Female,Associate Degree,5.801306283156634,Fail
60.175810587959646,55.279577298832,3.7085924324107955,22,Non-binary,Bachelor's Degree,1.4748095334888174,Pass
54.445734910375876,52.26473218065387,21.288914994247754,19,Non-binary,Associate Degree,5.11244964908424,Pass
69.27690877769406,82.81929296923836,32.865662791158215,24,Male,Bachelor's Degree,9.47942125326994,Pass
72.80746030729243,76.75761668401752,4.055193698794541,19,Female,High School,8.990734147619975,Pass
73.44889701840145,54.10118426057355,31.67565295182917,21,Female,Master's Degree,1.9203785289740445,Pass
85.81193014028469,51.746962320299424,32.46288017406192,18,Male,Master's Degree,7.697140171429332,Pass
92.40374153963305,99.48782067046673,19.29096000326174,20,Non-binary,Doctorate,8.252135793624113,Pass
84.51231623857959,51.501066607453595,2.2924124004194724,19,Female,Associate Degree,3.4424936941308832,Pass
61.585971786643796,72.22641265250797,6.983594049887456,23,Non-binary,Doctorate,5.244477136669831,Pass
58.26964202338841,75.23095123038478,28.297051006477293,19,Female,High School,7.398891473173147,Pass
70.04142753825904,55.86400739002225,28.47111779963798,18,Female,Master's Degree,4.951373399390331,Pass
76.39179289606992,58.45308892198581,35.93421100670661,18,Female,High School,2.0151722697991925,Pass
67.25212981424316,67.59025032051763,23.307445862183314,22,Female,High School,7.352942002135494,Pass
49.817727456216666,88.08379381068313,4.964294708551096,20,Non-binary,Associate Degree,9.204748207617731,Fail
80.23089262865201,75.35412120301334,4.8565962201988855,18,Non-binary,High School,6.872362555655418,Pass
64.11527846899145,81.89509372764807,28.845294294272946,24,Non-binary,Master's Degree,7.964206737121305,Pass
63.66230898366935,99.25872775453374,7.351386604316046,19,Non-binary,Doctorate,4.225262820920456,Pass
69.18080988912861,88.40027176566048,13.135419984664214,19,Male,Master's Degree,2.6487842061397138,Pass
66.40151624379759,71.71807490706088,19.488480276876558,21,Female,Associate Degree,6.784962954564633,Pass
64.50248416731847,72.32209608982744,0.990595103046048,18,Female,Master's Degree,3.94994085257097,Pass
50.79812039600216,80.93860385205025,9.952761080797274,23,Female,Bachelor's Degree,8.740661670908136,Pass
68.31628799572512,83.26826042094521,16.315584340291203,22,Male,Doctorate,2.103652449802059,Pass
80.54430687860301,75.03554629183357,11.18545273972825,20,Non-binary,Bachelor's Degree,4.901173297598113,Pass
73.96966007681934,82.243061140749,5.454813098702633,23,Female,Bachelor's Degree,4.570548404215472,Pass
84.22182158650968,51.176624720704936,29.120490311847895,22,Non-binary,Associate Degree,9.442484681985366,Pass
59.0718246651999,71.4811431948422,32.5259062067194,19,Non-binary,High School,2.3782132054396348,Pass
50.82912281323298,63.946903803673834,10.299159045748993,23,Male,Bachelor's Degree,1.0886214251080986,Pass
66.31225031533005,56.45872226215552,30.976779784252134,22,Male,Master's Degree,3.1427669152640583,Pass
60.78645072176954,54.97732564043876,15.422142576052554,19,Non-binary,High School,8.38249173791789,Pass
62.34497525188378,80.15960828073338,20.26743163416011,19,Female,Master's Degree,2.8838963444231536,Pass
73.17624577121691,76.18002735763059,34.240042995726114,19,Female,Master's Degree,3.167902573349344,Pass
62.453791913430166,62.67920584981846,29.998147272096315,19,Male,High School,2.169089240831297,Pass
51.24897266190409,73.54750293862573,32.20467405264711,24,Male,High School,7.4389258294888645,Pass
61.61507908177003,74.61161575912041,5.473806663454273,19,Male,Master's Degree,1.6225677145487545,Pass
75.10089050291202,59.75044902193079,2.788777033349179,21,Male,Associate Degree,3.9808747209566944,Pass
80.07220901510377,82.60465309408252,35.736189163519484,23,Male,Doctorate,3.542488539588681,Pass
79.9213417612502,89.04596781930452,15.513370782843774,22,Male,Doctorate,5.996437568111394,Pass
76.36709641371864,89.57317704447595,11.515187122787234,21,Male,Associate Degree,7.57374638517762,Pass
67.47859801052134,80.12349153517275,28.98785017047298,24,Female,High School,5.795887912270727,Pass
76.07371148438695,75.58192912595071,33.45662386319427,21,Male,Master's Degree,9.37923393677561,Pass
69.36496512702644,53.05035715026975,34.49958487593204,18,Male,Doctorate,9.562983749985987,Pass
71.69644206730356,64.39156494258029,12.639885645009095,18,Female,Master's Degree,4.253187956486639,Pass
55.910098932010904,54.663572338908494,34.08849564806696,18,Female,Associate Degree,7.999123386474034,Pass
70.65812445641073,98.19115804392368,1.6373577749738155,20,Non-binary,Master's Degree,7.649212449413707,Pass
75.67999351377118,56.754007311288035,1.986459658388755,18,Male,Associate Degree,9.036681325343446,Pass
75.11690970159563,57.5887704925551,24.94076780696618,22,Male,High School,5.0314927618693295,Pass
50.68721460911053,94.4788309165246,2.5242547646218494,21,Male,Associate Degree,5.77425868478013,Pass
71.44391164605074,97.19641417382289,12.984366740406461,22,Male,Associate Degree,4.741968822234166,Pass
48.341656338041304,88.2914519617455,26.91023944987696,23,Non-binary,Doctorate,8.65339227369735,Fail
72.60514969207789,50.270246183633496,13.490675842169054,18,Female,Master's Degree,3.067320838259209,Pass
59.47994212595929,50.067313547828185,7.183991257603837,24,Female,Doctorate,3.1573817041820025,Pass
95.58464413788167,68.90503848937254,11.254024874153664,20,Male,Bachelor's Degree,4.3534459321937184,Pass
71.78864993943836,57.16976850054463,18.303013290017272,23,Male,Associate Degree,3.0730854889211607,Pass
82.01746029735884,50.91930710757986,19.015434214219297,24,Male,Bachelor's Degree,6.0490615277342865,Pass
100.0,73.20333447022523,31.32000925388808,20,Non-binary,Doctorate,2.2104109584595206,Pass
57.73897283366919,97.15309487034858,30.0061291772605,23,Non-binary,Master's Degree,3.881675974636498,Pass
76.53512366358866,66.19097874512157,18.272712182245407,21,Female,Doctorate,9.22100228628031,Pass
52.21133486150731,83.05703392143482,33.82669396395086,22,Male,Master's Degree,4.683029321726163,Pass
75.1734551237488,82.61176765662204,4.5694855436558335,19,Male,Master's Degree,7.734103448441583,Pass
96.48563899675605,62.55400518325839,10.214134009156059,22,Male,High School,2.021159725359166,Pass
60.581751783373164,82.52126244119322,33.11905854009006,18,Male,Associate Degree,3.228080573276062,Pass
56.71068530058106,60.616698714344565,15.119761545046124,24,Non-binary,Doctorate,8.266110590803317,Pass
68.63238649722155,56.100370678844456,39.24726235175369,19,Female,Master's Degree,7.866936426607247,Pass
100.0,85.0691642779845,18.650131261113415,20,Female,Doctorate,4.47540326734439,Pass
81.56558379929882,55.67204085519584,31.677424918550564,21,Non-binary,Doctorate,9.589572118301268,Pass
56.42628021915984,99.84546092946778,16.092281655294876,21,Male,Master's Degree,9.195787142510909,Pass
91.82590873722654,59.172620057511466,16.998140762497215,20,Female,Bachelor's Degree,9.66070674201016,Pass
45.1740551150022,79.70709313782288,15.31532589136734,18,Female,Associate Degree,4.851232211690069,Fail
100.0,70.56872857062947,28.76302482043247,20,Non-binary,Associate Degree,2.777262253171147,Pass
82.84676020022738,56.319321120283355,21.90071536239978,23,Male,High School,6.639927751822069,Pass
96.45336160010078,51.39219537887067,37.751124454734764,24,Female,High School,7.162958424512786,Pass
45.28302837423947,81.13661411464166,10.03561266136419,24,Male,High School,2.12897606005468,Fail
72.54162746289529,90.3378781894563,4.022509283337774,18,Female,Associate Degree,8.078347308663155,Pass
67.99166610151427,92.1007830753372,15.73045940396861,19,Non-binary,Bachelor's Degree,1.1625419778396449,Pass
54.89530789830039,74.13567365384672,24.66850830587104,20,Male,Associate Degree,5.34455548729105,Pass
50.55964569622912,88.87277335911928,34.4319574766198,18,Non-binary,Associate Degree,3.979146335454054,Pass
77.60621888139323,83.64235667442725,13.847875467213107,24,Female,Associate Degree,7.662727539091756,Pass
78.96597562170436,86.21272637495666,26.151470044978463,19,Non-binary,Associate Degree,3.8148465467963435,Pass
89.4996107008863,74.6299502610907,14.007947240928761,20,Non-binary,Bachelor's Degree,8.441264015029295,Pass
62.44868420009754,81.67058701210635,24.688783319778324,21,Non-binary,High School,6.354581399027295,Pass
67.87585284766286,90.27629567880285,35.392317881226035,20,Female,Doctorate,8.145040255858648,Pass
49.26310112580862,69.89420877785115,9.254305690376361,22,Male,High School,9.904065740556614,Fail
93.11178717992124,90.29894504337918,16.16966568428157,20,Non-binary,High School,7.112425111692011,Pass
71.04322131635864,79.60084213945314,39.73060785718986,22,Male,Doctorate,9.864552847254798,Pass
80.83882752430158,58.295051218539314,34.74228112997843,19,Female,Associate Degree,1.2595269422953481,Pass
81.36858094166519,51.23420786122923,22.585594315848077,20,Male,Bachelor's Degree,4.043259896354276,Pass
91.88660735952968,68.1376800199576,20.665103674171014,19,Non-binary,Bachelor's Degree,1.9706793810607823,Pass
57.5290079909882,77.334816414817,11.38401529218724,19,Non-binary,High School,3.360744382459956,Pass
80.46379900520768,91.99101761017442,20.688377107741175,24,Non-binary,Doctorate,8.54999109213197,Pass
69.62486940536438,56.37428400701231,33.92725993119789,18,Non-binary,Master's Degree,1.2909093879348128,Pass
100.0,90.01031738417896,27.406980531111223,19,Non-binary,Associate Degree,5.681646421591544,Pass
57.48453731505975,93.15045230336135,11.601761127119463,19,Non-binary,High School,6.1041583677913565,Pass
87.57139521645809,57.53437435004169,8.058556842141318,24,Female,Bachelor's Degree,6.050360320047605,Pass
75.25512668842596,92.57971596521095,10.608341479873165,24,Female,Doctorate,5.277673664409301,Pass
74.46784141309033,99.57267839213961,6.790368055713061,20,Female,Doctorate,8.115426682927797,Pass
70.81031089071234,86.34194155241187,3.8256278409486377,24,Male,High School,2.20188780554996,Pass
90.19998734255181,89.2384840912494,16.7654469776822,20,Male,Master's Degree,3.7951931399570857,Pass
73.95777551610902,99.72076337794367,4.531984175930708,21,Female,Bachelor's Degree,6.541534481006554,Pass
47.133769928185345,80.27406252629727,6.876502309084174,24,Male,High School,7.218562296411602,Fail
88.29255353068368,65.39431910081247,21.892987373579444,18,Male,Master's Degree,4.637335885993506,Pass
85.54302748197583,91.87654170380279,6.583970947982989,19,Non-binary,Doctorate,8.878341369945097,Pass
78.80706526319271,80.72428887558156,2.555190697236114,18,Non-binary,Associate Degree,4.739440570263229,Pass
53.0728955537868,79.05977118604783,12.695554001115408,22,Male,Bachelor's Degree,4.624985209134998,Pass
55.4032695966802,62.68177777570192,8.8127639448787,24,Male,Bachelor's Degree,1.3258653533864646,Pass
41.83835672145837,87.81671347914434,20.61220751977507,19,Female,Master's Degree,5.960272025752604,Fail
76.9049480976972,54.083363793004814,4.0946833833283725,18,Male,High School,7.378127546607146,Pass
49.756767277384455,96.21435353973305,30.070831507319124,24,Non-binary,Doctorate,2.0299434716516327,Fail
44.21873660706753,66.29117303852424,36.24934077740554,24,Male,Master's Degree,3.748894894790838,Fail
89.12483678950065,56.38873263949952,29.737406958247774,21,Female,Associate Degree,8.03131258404567,Pass
81.52269346694271,72.11832665512094,21.31308149605577,21,Non-binary,Associate Degree,4.293274918722179,Pass
65.00242502753609,52.12349546282666,34.4267128715554,19,Non-binary,Associate Degree,3.174422158360359,Pass
67.98930125114207,84.23130971324832,27.7967351912603,22,Non-binary,Master's Degree,7.04980597208601,Pass
33.88983689524087,95.13527552226782,0.42204489800759415,21,Non-binary,Doctorate,2.7708289990449004,Fail
83.75117378588831,91.86315035692544,15.763606110980124,21,Male,Bachelor's Degree,9.060876276248592,Pass
59.60902803266974,56.36847367239405,34.038075976272005,22,Female,High School,1.9503855642352685,Pass
74.95436294699711,56.313556855386594,13.834354319010771,18,Male,Bachelor's Degree,7.358948220545442,Pass
32.67156607312774,90.6717241162132,1.40860694102094,21,Male,Doctorate,5.495938311577377,Fail
84.66352048242318,96.2127137301558,29.84718554209089,20,Non-binary,Bachelor's Degree,8.829366061572943,Pass
58.70732845921414,73.03349149167445,32.08153081131474,23,Female,Master's Degree,2.1357558192361292,Pass
49.35936604315968,74.9485558456883,6.423747801732342,23,Non-binary,Associate Degree,7.101054266464791,Fail
64.90597548267449,65.9131020692863,21.493619873727248,21,Male,Doctorate,6.148491752632433,Pass
61.05407173096772,94.7132559128207,7.67821755982903,18,Male,Doctorate,5.3208112801604175,Pass
86.11401419364799,82.2451452646178,28.76937676176587,24,Non-binary,Bachelor's Degree,5.422665370894015,Pass
63.69407316457559,64.41257885836842,10.862018207099426,18,Male,Master's Degree,7.4977926561867765,Pass
90.43925539920052,64.93914355271258,12.648604902533203,19,Male,Bachelor's Degree,9.439674894413399,Pass
74.95213923683609,94.56000365318012,33.798834145604054,20,Non-binary,Bachelor's Degree,1.8212649320714327,Pass
83.41551830818563,50.681701195291076,19.052894088276172,18,Male,Doctorate,1.175523828494682,Pass
69.9675032015817,66.13632863633192,26.790178048729913,22,Female,Bachelor's Degree,8.251343132330831,Pass
89.08088473509825,77.71783406081846,16.094922028898708,20,Non-binary,Associate Degree,1.9735244879568339,Pass
52.69564014575986,57.41087310496623,11.920274287750217,23,Female,Bachelor's Degree,9.880271164723814,Pass
71.7043668624149,54.60493770997949,25.019122416986455,20,Male,Associate Degree,6.574134240629535,Pass
64.05346255852878,90.763816554528,6.194302963152851,22,Male,Doctorate,6.857797557287267,Pass
90.94942719260968,94.72021943242535,14.91999342267452,21,Non-binary,Master's Degree,2.7900253264421564,Pass
92.48551606989139,91.18032103990947,8.361481495436891,22,Male,Associate Degree,3.16281079267007,Pass
70.00631888855678,94.93939448686739,27.83179867762982,22,Non-binary,Master's Degree,6.9341527278932515,Pass
50.62733348356292,77.65559855291858,37.768353533844305,21,Non-binary,Master's Degree,9.187541541407773,Pass
76.40645975187502,90.6129060495171,39.820438720634655,21,Non-binary,Associate Degree,9.8415149906581,Pass
45.0308539744935,69.20213191955503,18.01107241766363,21,Non-binary,Doctorate,2.782278519679843,Fail
94.39214198174668,83.31339307395191,10.10121558545778,21,Non-binary,High School,2.2070766043881114,Pass
62.90244894045942,99.44177656945823,17.713174815372966,21,Female,Master's Degree,1.5076122198471142,Pass
69.54144754873757,61.28638619195637,33.890776398508955,22,Non-binary,Master's Degree,8.81467316345195,Pass
59.78573386289869,69.49498731455404,8.240227142081595,19,Female,Doctorate,3.652433621708219,Pass
56.47327619948769,74.00236886550428,38.08382606611695,19,Male,Doctorate,1.0163083048232648,Pass
34,62.7,3.5,17,Male,High School,7.8,Fail
29,53.4,2.1,16,Female,Associate Degree,9.1,Fail
45,78.3,9.5,19,Other,Bachelor Degree,6.5,Fail
22,68.9,1.7,18,Male,High School,8.2,Fail
37,59.2,4.3,20,Female,Master Degree,7.9,Fail
14,75.4,7.2,17,Male,Doctorate,5.4,Fail
41,66.1,8.9,15,Female,High School,9.3,Fail
30,70.2,6.8,18,Other,Associate Degree,7.7,Fail
24,64.9,3.0,16,Male,Bachelor Degree,6.8,Fail
39,79.0,9.3,19,Female,Master Degree,5.6,Fail
19,55.2,2.9,17,Male,High School,8.1,Fail
33,61.0,3.8,18,Other,Associate Degree,7.2,Fail
21,54.8,4.0,20,Female,Bachelor Degree,9.0,Fail
46,77.5,8.1,16,Male,Master Degree,6.0,Fail
27,58.3,1.6,19,Other,Doctorate,7.5,Fail
35,63.2,5.4,15,Female,High School,8.4,Fail
43,67.1,6.3,17,Male,Associate Degree,7.6,Fail
25,69.8,9.0,18,Other,Bachelor Degree,5.7,Fail
32,60.1,7.1,16,Female,Master Degree,6.9,Fail
20,52.4,3.2,19,Male,Doctorate,8.5,Fail
44,76.3,4.7,15,Other,High School,6.2,Fail
23,56.7,1.8,18,Female,Associate Degree,8.9,Fail
36,74.0,9.6,17,Male,Bachelor Degree,7.3,Fail
15,68.1,2.4,20,Other,Master Degree,6.4,Fail
42,65.0,5.7,19,Female,Doctorate,9.2,Fail
28,57.6,3.3,16,Male,High School,7.0,Fail
31,71.9,8.4,18,Other,Associate Degree,7.9,Fail
26,62.5,1.9,17,Female,Bachelor Degree,8.7,Fail
48,77.8,6.9,15,Male,Master Degree,5.8,Fail
18,54.0,2.6,20,Other,Doctorate,7.1,Fail
40,60.8,9.2,16,Female,High School,6.6,Fail
13,66.3,5.0,18,Male,Associate Degree,8.0,Fail
47,75.2,4.4,19,Other,Bachelor Degree,9.4,Fail
38,64.5,6.7,17,Female,Master Degree,6.1,Fail
17,55.9,7.5,15,Male,Doctorate,8.3,Fail
49,78.4,2.2,16,Other,High School,7.4,Fail
27,70.7,3.1,18,Female,Associate Degree,8.6,Fail
35,58.6,9.4,17,Male,Bachelor Degree,6.3,Fail
21,61.4,1.5,19,Other,Master Degree,7.0,Fail
41,67.9,4.1,20,Female,Doctorate,8.8,Fail
25,52.9,6.6,16,Male,High School,6.9,Fail
39,72.5,7.3,18,Other,Associate Degree,7.8,Fail
33,55.1,2.7,17,Female,Bachelor Degree,8.5,Fail
22,65.6,5.1,15,Male,Master Degree,6.7,Fail
47,76.8,3.4,19,Other,Doctorate,9.3,Fail
28,59.4,8.7,16,Female,High School,7.5,Fail
37,68.3,4.2,17,Male,Associate Degree,8.4,Fail
32,74.7,6.0,18,Other,Bachelor Degree,6.0,Fail
23,56.0,9.1,15,Female,Master Degree,8.9,Fail
45,64.1,2.8,19,Male,Doctorate,6.5,Fail
30,60.3,5.8,16,Other,High School,8.1,Fail
40,69.6,7.7,18,Female,Associate Degree,7.2,Fail
19,52.1,3.6,17,Male,Bachelor Degree,8.0,Fail
49,78.7,4.9,20,Other,Master Degree,7.6,Fail
34,57.8,9.0,16,Female,Doctorate,8.2,Fail
26,62.2,2.0,18,Male,High School,6.3,Fail
48,76.6,6.5,15,Other,Associate Degree,8.3,Fail
24,55.6,3.9,17,Female,Bachelor Degree,7.1,Fail
46,72.2,5.9,19,Male,Master Degree,9.0,Fail
13,66.5,7.8,18,Other,Doctorate,6.4,Fail
38,54.5,4.6,16,Female,High School,8.7,Fail
20,69.1,2.3,17,Male,Associate Degree,7.3,Fail
44,60.6,7.0,15,Other,Bachelor Degree,6.1,Fail
29,53.8,8.8,18,Female,Master Degree,9.4,Fail
36,63.8,1.7,19,Male,Doctorate,7.2,Fail
27,77.0,4.0,16,Other,High School,8.5,Fail
43,65.3,6.4,18,Female,Associate Degree,6.8,Fail
31,56.3,9.7,17,Male,Bachelor Degree,9.1,Fail
18,58.9,3.4,19,Other,Master Degree,6.0,Fail
37,71.5,2.5,15,Female,Doctorate,8.6,Fail
14,61.6,5.2,16,Male,High School,7.9,Fail
22,66.9,8.3,20,Other,Associate Degree,6.6,Fail
46,73.4,7.4,18,Female,Bachelor Degree,7.0,Fail
15,53.0,4.8,17,Male,Master Degree,9.2,Fail
41,64.3,9.2,19,Other,Doctorate,6.5,Fail
25,75.6,1.9,16,Female,High School,7.7,Fail
30,59.7,6.7,18,Male,Associate Degree,8.4,Fail
49,77.2,3.3,15,Other,Bachelor Degree,8.8,Fail
23,57.1,2.4,17,Female,Master Degree,6.9,Fail
32,68.5,8.9,19,Male,Doctorate,7.1,Fail
35,52.7,4.5,16,Other,High School,8.2,Fail
29,55.4,7.6,18,Female,Associate Degree,6.3,Fail
48,71.3,5.3,17,Male,Bachelor Degree,9.0,Fail
17,66.2,9.8,19,Other,Master Degree,6.7,Fail
39,63.6,2.1,15,Female,Doctorate,8.5,Fail
26,74.2,6.1,18,Male,High School,7.4,Fail
14,58.0,7.9,16,Other,Associate Degree,7.0,Fail
47,69.9,3.7,17,Female,Bachelor Degree,8.9,Fail
28,62.9,9.5,19,Male,Master Degree,6.1,Fail
38,77.1,1.4,15,Other,Doctorate,8.0,Fail
16,60.0,4.2,18,Female,High School,7.6,Fail
43,55.3,7.4,17,Male,Associate Degree,6.4,Fail
19,54.7,3.4,16,Male,High School,7.9,Fail
33,69.2,5.8,17,Female,Associate Degree,8.1,Fail
27,63.4,2.3,18,Other,Bachelor Degree,7.3,Fail
45,78.9,9.2,15,Male,Master Degree,6.2,Fail
22,57.3,3.0,19,Female,Doctorate,8.5,Fail
29,61.1,4.5,17,Other,High School,7.7,Fail
34,70.5,8.9,16,Male,Associate Degree,6.9,Fail
30,64.3,1.9,18,Female,Bachelor Degree,8.4,Fail
21,55.8,2.7,15,Other,Master Degree,7.0,Fail
35,72.1,6.8,19,Male,Doctorate,6.5,Fail
24,60.9,3.6,17,Female,High School,8.2,Fail
39,68.7,7.5,16,Male,Associate Degree,7.1,Fail
20,53.5,2.1,18,Other,Bachelor Degree,8.7,Fail
32,75.2,5.3,19,Female,Master Degree,6.8,Fail
28,67.4,4.0,15,Male,Doctorate,7.4,Fail
37,71.0,9.4,17,Female,High School,8.0,Fail
23,59.8,2.8,16,Male,Associate Degree,7.5,Fail
44,73.8,6.1,18,Other,Bachelor Degree,6.3,Fail
18,56.4,3.3,19,Female,Master Degree,8.3,Fail
31,70.6,8.2,15,Male,Doctorate,6.6,Fail
26,61.5,4.7,17,Female,High School,8.6,Fail
40,77.9,2.5,16,Male,Associate Degree,7.8,Fail
25,66.0,7.0,18,Other,Bachelor Degree,7.2,Fail
14,58.2,1.4,19,Female,Master Degree,8.4,Fail
38,69.5,5.9,15,Male,Doctorate,6.7,Fail
27,62.3,9.1,17,Female,High School,8.9,Fail
45,75.6,3.2,16,Male,Associate Degree,6.1,Fail
22,55.9,2.9,18,Other,Bachelor Degree,7.6,Fail
36,63.7,4.4,19,Female,Master Degree,8.5,Fail
19,68.1,7.8,15,Male,Doctorate,6.0,Fail
30,74.3,1.6,17,Female,High School,7.3,Fail
41,64.2,6.6,16,Other,Associate Degree,8.1,Fail
23,59.0,3.5,18,Male,Bachelor Degree,7.9,Fail
34,70.0,8.7,19,Female,Master Degree,6.4,Fail
28,55.7,4.2,15,Male,Doctorate,8.8,Fail
17,61.3,7.1,16,Female,High School,6.5,Fail
39,77.1,2.6,18,Male,Associate Degree,7.7,Fail
20,56.8,5.0,17,Female,Bachelor Degree,8.2,Fail
32,68.4,9.3,19,Other,Master Degree,6.9,Fail
21,63.5,3.1,16,Male,Doctorate,7.0,Fail
46,75.1,6.9,18,Female,High School,8.4,Fail
25,58.9,1.8,15,Male,Associate Degree,6.6,Fail
37,69.8,4.6,17,Female,Bachelor Degree,8.3,Fail
16,54.6,8.1,19,Male,Master Degree,6.3,Fail
43,66.7,2.0,16,Female,Doctorate,8.7,Fail
24,61.7,5.7,18,Other,High School,6.8,Fail
33,73.2,9.9,15,Male,Associate Degree,7.1,Fail
29,57.5,3.4,17,Female,Bachelor Degree,8.0,Fail
41,71.7,6.2,16,Male,Master Degree,6.2,Fail
22,64.4,1.5,19,Female,Doctorate,7.9,Fail
38,76.4,7.6,15,Other,High School,8.6,Fail
27,58.1,2.2,17,Male,Associate Degree,6.4,Fail
14,65.3,5.4,16,Female,Bachelor Degree,8.5,Fail
30,69.9,8.5,18,Other,Master Degree,6.1,Fail
44,62.8,3.7,15,Male,Doctorate,7.2,Fail
19,70.8,6.4,17,Female,High School,7.8,Fail
35,59.6,9.0,16,Male,Associate Degree,6.0,Fail
20,53.2,1.7,18,Female,Bachelor Degree,8.3,Fail
31,72.4,4.9,19,Male,Master Degree,6.5,Fail
28,65.1,7.2,15,Female,Doctorate,7.4,Fail
42,75.0,2.4,17,Other,High School,8.2,Fail
23,57.6,5.5,16,Male,Associate Degree,6.7,Fail
34,60.5,8.8,18,Female,Bachelor Degree,7.6,Fail
26,67.9,3.6,19,Male,Master Degree,8.9,Fail
29,63.1,2.8,15,Female,Doctorate,7.1,Fail
40,77.4,7.4,16,Other,High School,6.9,Fail
18,56.2,5.1,17,Male,Associate Degree,8.0,Fail
36,70.3,9.6,18,Female,Bachelor Degree,6.6,Fail
15,58.4,1.6,19,Male,Master Degree,7.3,Fail
33,62.1,4.1,16,Female,Doctorate,8.4,Fail
21,66.5,7.7,15,Other,High School,6.2,Fail
46,71.4,2.3,17,Male,Associate Degree,8.8,Fail
24,53.9,6.0,16,Female,Bachelor Degree,7.5,Fail
39,75.5,9.5,18,Male,Master Degree,6.3,Fail
28,61.9,3.2,19,Female,Doctorate,7.7,Fail
42,68.8,5.6,15,Other,High School,8.1,Fail
17,55.4,8.2,17,Male,Associate Degree,7.0,Fail
31,70.9,2.7,18,Female,Bachelor Degree,8.5,Fail
22,65.4,1.9,16,Male,Master Degree,6.4,Fail
44,60.7,4.3,19,Female,Doctorate,8.9,Fail
25,73.0,7.3,15,Other,High School,6.1,Fail
30,57.2,5.2,17,Male,Associate Degree,7.2,Fail
14,69.6,9.8,18,Female,Bachelor Degree,7.6,Fail
38,63.6,3.0,16,Male,Master Degree,8.4,Fail
19,66.8,6.7,15,Female,Doctorate,7.0,Fail
35,71.2,2.5,17,Other,High School,8.3,Fail
26,53.1,4.8,18,Male,Associate Degree,6.5,Fail
43,76.5,7.1,19,Female,Bachelor Degree,7.8,Fail
32,59.4,1.4,15,Other,Master Degree,6.6,Fail
27,67.6,5.9,16,Male,Doctorate,8.2,Fail
16,55.5,9.1,17,Female,High School,7.3,Fail
40,70.1,3.8,18,Male,Associate Degree,6.9,Fail
29,57.3,2.3,18,Female,High School,7.4,Fail
32,69.1,5.7,17,Male,Associate Degree,8.0,Fail
28,62.4,3.4,16,Other,Bachelor Degree,7.2,Fail
21,54.8,1.9,19,Female,Master Degree,8.5,Fail
34,76.2,7.6,15,Male,Doctorate,6.3,Fail
26,58.7,2.8,17,Female,High School,7.7,Fail
37,71.3,4.5,18,Other,Associate Degree,6.8,Fail
19,55.4,3.1,16,Male,Bachelor Degree,8.3,Fail
40,66.5,9.0,19,Female,Master Degree,7.0,Fail
24,63.2,6.2,15,Other,Doctorate,6.9,Fail
45,74.5,2.0,18,Male,High School,8.4,Fail
33,61.9,5.8,16,Female,Associate Degree,7.1,Fail
28,56.1,3.3,17,Other,Bachelor Degree,8.2,Fail
21,68.3,1.7,18,Female,Master Degree,6.7,Fail
39,70.6,7.9,19,Male,Doctorate,7.5,Fail
25,64.7,4.2,15,Female,High School,8.6,Fail
31,59.3,8.4,16,Male,Associate Degree,6.4,Fail
42,72.8,3.6,17,Other,Bachelor Degree,7.8,Fail
27,53.7,2.1,18,Female,Master Degree,6.5,Fail
36,65.9,6.5,19,Male,Doctorate,8.1,Fail
30,60.4,3.8,15,Female,High School,7.3,Fail
44,77.7,9.2,16,Male,Associate Degree,6.1,Fail
23,57.0,5.4,17,Other,Bachelor Degree,8.0,Fail
18,68.6,2.7,18,Female,Master Degree,7.4,Fail
35,62.9,1.4,19,Male,Doctorate,6.6,Fail
29,58.3,7.7,15,Female,High School,8.3,Fail
34,70.0,4.9,16,Male,Associate Degree,6.2,Fail
22,55.5,3.0,17,Other,Bachelor Degree,7.9,Fail
38,67.4,9.5,18,Female,Master Degree,6.8,Fail
26,60.1,2.5,19,Male,Doctorate,8.7,Fail
41,73.9,4.3,15,Female,High School,7.2,Fail
20,59.8,6.1,16,Male,Associate Degree,7.6,Fail
46,64.0,3.9,17,Other,Bachelor Degree,8.4,Fail
33,57.2,1.8,18,Female,Master Degree,6.3,Fail
25,71.5,5.6,19,Male,Doctorate,7.0,Fail
31,62.0,8.8,15,Female,High School,8.1,Fail
37,65.2,4.1,16,Male,Associate Degree,6.5,Fail
29,70.7,7.3,17,Other,Bachelor Degree,7.8,Fail
24,53.9,2.9,18,Female,Master Degree,6.9,Fail
44,69.5,6.4,19,Male,Doctorate,8.0,Fail
28,58.6,3.7,15,Female,High School,7.3,Fail
36,74.8,9.8,16,Male,Associate Degree,6.4,Fail
27,61.6,1.5,17,Other,Bachelor Degree,8.6,Fail
23,56.3,4.8,18,Female,Master Degree,7.5,Fail
42,63.8,2.6,19,Male,Doctorate,7.1,Fail
19,66.1,5.3,15,Female,High School,8.2,Fail
30,59.4,7.4,16,Male,Associate Degree,6.7,Fail
34,70.3,3.2,17,Other,Bachelor Degree,7.9,Fail
21,55.6,1.9,18,Female,Master Degree,7.0,Fail
39,74.1,5.5,19,Male,Doctorate,6.8,Fail
25,60.7,2.4,15,Female,High School,8.5,Fail
32,68.5,8.7,16,Male,Associate Degree,6.3,Fail
22,58.0,3.6,17,Other,Bachelor Degree,7.6,Fail
45,65.4,9.1,18,Female,Master Degree,7.2,Fail
28,61.3,4.0,19,Male,Doctorate,6.4,Fail
33,57.9,2.2,15,Female,High School,8.7,Fail
24,72.2,7.0,16,Male,Associate Degree,7.1,Fail
41,60.2,1.6,17,Other,Bachelor Degree,6.9,Fail
26,67.8,5.7,18,Female,Master Degree,8.1,Fail
37,55.1,2.8,19,Male,Doctorate,7.4,Fail
20,69.9,4.4,15,Female,High School,6.8,Fail
35,64.9,7.9,16,Male,Associate Degree,7.7,Fail
29,59.5,3.3,17,Other,Bachelor Degree,7.5,Fail
18,70.8,2.0,18,Female,Master Degree,6.5,Fail
31,62.6,6.6,19,Male,Doctorate,8.3,Fail
27,53.4,9.6,15,Female,High School,7.0,Fail
44,68.2,4.1,16,Male,Associate Degree,6.2,Fail
23,55.0,1.7,17,Other,Bachelor Degree,7.8,Fail
39,74.6,8.9,18,Female,Master Degree,8.0,Fail
25,60.0,3.1,19,Male,Doctorate,7.9,Fail
34,67.0,2.5,15,Female,High School,7.6,Fail
32,57.4,5.0,16,Male,Associate Degree,6.1,Fail
22,61.5,9.3,17,Other,Bachelor Degree,8.4,Fail
20,65.7,4.6,18,Female,Master Degree,7.3,Fail
28,60.8,2.4,19,Male,Doctorate,7.7,Fail
37,68.4,7.2,15,Female,High School,6.6,Fail
31,59.9,1.8,16,Male,Associate Degree,8.5,Fail
21,73.1,5.9,17,Other,Bachelor Degree,6.9,Fail
26,54.9,3.7,18,Female,Master Degree,7.1,Fail
42,66.3,2.9,19,Male,Doctorate,8.2,Fail
24,58.8,6.8,15,Female,High School,7.8,Fail
29,70.2,9.7,16,Male,Associate Degree,6.4,Fail
19,60.6,4.3,17,Other,Bachelor Degree,7.2,Fail
35,57.7,2.1,18,Female,Master Degree,8.3,Fail
33,63.0,7.5,19,Male,Doctorate,6.7,Fail
39,65.5,3.2,15,Female,High School,7.5,Fail
25,72.0,1.5,16,Male,Associate Degree,8.6,Fail
55,80,10,18,Female,Some College,4.5,Fail
40,70,8,19,Male,High School,2.7,Fail
30,60,6,20,Female,Some High School,1.2,Fail
65,85,9,21,Male,College Graduate,3.8,Fail
50,75,7,19,Female,Some College,3.2,Fail
48,73,8,20,Male,Some College,2.9,Fail
42,68,6,19,Female,High School,2.1,Fail
57,82,9,20,Male,Some College,4.0,Fail
53,78,7,18,Female,Some High School,3.5,Fail
60,85,11,19,Male,Some College,4.2,Fail
35,65,7,18,Female,Some High School,1.8,Fail
52,78,9,20,Male,High School,3.5,Fail
45,72,8,19,Female,Some College,3.0,Fail
58,83,10,21,Male,College Graduate,4.3,Fail
38,66,6,18,Female,Some High School,1.6,Fail
47,74,8,19,Male,High School,2.8,Fail
33,62,7,18,Female,Some High School,1.5,Fail
51,77,9,20,Male,Some College,3.7,Fail
47,74,8,19,Female,Some College,2.9,Fail
33,62,7,18,Male,High School,1.4,Fail
51,77,9,20,Female,Some College,3.6,Fail
36,64,6,19,Male,Some High School,1.7,Fail
49,76,7,20,Female,Some College,3.4,Fail
44,70,8,21,Male,College Graduate,2.5,Fail
54,79,9,18,Female,Some High School,3.9,Fail
39,67,7,19,Male,Some College,2.3,Fail
56,81,10,20,Female,Some College,4.2,Fail